name,repo,total_sloc,rust_sloc,rust_share_pct,num_langs,top_langs,languages_json
select.rs,utkarshkukreti/select.rs,1456,1456,100.0,1,Rust (1456),"{""Rust"": 1456}"
ipc-channel,servo/ipc-channel,50206,50206,100.0,1,Rust (50206),"{""Rust"": 50206}"
portable-simd,rust-lang/portable-simd,7692,7692,100.0,1,Rust (7692),"{""Rust"": 7692}"
confy,rust-cli/confy,480,480,100.0,1,Rust (480),"{""Rust"": 480}"
onetun,aramperes/onetun,2226,2226,100.0,1,Rust (2226),"{""Rust"": 2226}"
pathfinding,evenfurther/pathfinding,8374,8374,100.0,1,Rust (8374),"{""Rust"": 8374}"
avml,microsoft/avml,1870,1870,100.0,1,Rust (1870),"{""Rust"": 1870}"
bdk,bitcoindevkit/bdk,17793,17793,100.0,1,Rust (17793),"{""Rust"": 17793}"
alloy,alloy-rs/alloy,64452,64452,100.0,1,Rust (64452),"{""Rust"": 64452}"
snow,mcginty/snow,5081,5081,100.0,1,Rust (5081),"{""Rust"": 5081}"
bstr,BurntSushi/bstr,6251,6251,100.0,1,Rust (6251),"{""Rust"": 6251}"
fundsp,SamiPerttu/fundsp,23292,23292,100.0,1,Rust (23292),"{""Rust"": 23292}"
rust-zmq,erickt/rust-zmq,4413,4413,100.0,1,Rust (4413),"{""Rust"": 4413}"
rustypaste,orhun/rustypaste,2808,2808,100.0,1,Rust (2808),"{""Rust"": 2808}"
serie,lusingander/serie,7456,7456,100.0,1,Rust (7456),"{""Rust"": 7456}"
cargo-mutants,sourcefrog/cargo-mutants,12755,12755,100.0,1,Rust (12755),"{""Rust"": 12755}"
kira,tesselode/kira,11948,11948,100.0,1,Rust (11948),"{""Rust"": 11948}"
telegram-bot,telegram-rs/telegram-bot,6670,6670,100.0,1,Rust (6670),"{""Rust"": 6670}"
chromiumoxide,mattsse/chromiumoxide,112194,112194,100.0,1,Rust (112194),"{""Rust"": 112194}"
kameo,tqwewe/kameo,12895,12895,100.0,1,Rust (12895),"{""Rust"": 12895}"
gxhash,ogxd/gxhash,1698,1698,100.0,1,Rust (1698),"{""Rust"": 1698}"
cv,rust-cv/cv,12076,12076,100.0,1,Rust (12076),"{""Rust"": 12076}"
duct.rs,oconnor663/duct.rs,1916,1916,100.0,1,Rust (1916),"{""Rust"": 1916}"
cargo-cache,matthiaskrgr/cargo-cache,9505,9505,100.0,1,Rust (9505),"{""Rust"": 9505}"
volt,suptejas/volt,14122,14122,100.0,1,Rust (14122),"{""Rust"": 14122}"
Glint,general-works/Glint,15466,15466,100.0,1,Rust (15466),"{""Rust"": 15466}"
ratzilla,orhun/ratzilla,5428,5428,100.0,1,Rust (5428),"{""Rust"": 5428}"
ntpd-rs,pendulum-project/ntpd-rs,26628,26628,100.0,1,Rust (26628),"{""Rust"": 26628}"
gimli,gimli-rs/gimli,41697,41697,100.0,1,Rust (41697),"{""Rust"": 41697}"
rinha-de-compiler,aripiprazole/rinha-de-compiler,442,442,100.0,1,Rust (442),"{""Rust"": 442}"
notan,Nazariglez/notan,25452,25452,100.0,1,Rust (25452),"{""Rust"": 25452}"
backon,Xuanwo/backon,1864,1864,100.0,1,Rust (1864),"{""Rust"": 1864}"
rustgym,warycat/rustgym,76894,76894,100.0,1,Rust (76894),"{""Rust"": 76894}"
heim,heim-rs/heim,12337,12337,100.0,1,Rust (12337),"{""Rust"": 12337}"
submillisecond,lunatic-solutions/submillisecond,6651,6651,100.0,1,Rust (6651),"{""Rust"": 6651}"
trybuild,dtolnay/trybuild,3466,3466,100.0,1,Rust (3466),"{""Rust"": 3466}"
magic-wormhole.rs,magic-wormhole/magic-wormhole.rs,9155,9155,100.0,1,Rust (9155),"{""Rust"": 9155}"
cargo-wizard,Kobzol/cargo-wizard,3247,3247,100.0,1,Rust (3247),"{""Rust"": 3247}"
doh-server,DNSCrypt/doh-server,2336,2336,100.0,1,Rust (2336),"{""Rust"": 2336}"
rust-ctor,mmastrac/rust-ctor,1905,1905,100.0,1,Rust (1905),"{""Rust"": 1905}"
fern,daboross/fern,2744,2744,100.0,1,Rust (2744),"{""Rust"": 2744}"
bytemuck,Lokathor/bytemuck,5206,5206,100.0,1,Rust (5206),"{""Rust"": 5206}"
fastrace,fast/fastrace,6326,6326,100.0,1,Rust (6326),"{""Rust"": 6326}"
rust-yew-realworld-example-app,jetli/rust-yew-realworld-example-app,2422,2422,100.0,1,Rust (2422),"{""Rust"": 2422}"
async-channel,smol-rs/async-channel,1374,1374,100.0,1,Rust (1374),"{""Rust"": 1374}"
jwt-hack,hahwul/jwt-hack,4211,4211,100.0,1,Rust (4211),"{""Rust"": 4211}"
miniserde,dtolnay/miniserde,3224,3224,100.0,1,Rust (3224),"{""Rust"": 3224}"
bb8,djc/bb8,2167,2167,100.0,1,Rust (2167),"{""Rust"": 2167}"
cargo-mommy,Gankra/cargo-mommy,373,373,100.0,1,Rust (373),"{""Rust"": 373}"
dhat-rs,nnethercote/dhat-rs,1454,1454,100.0,1,Rust (1454),"{""Rust"": 1454}"
imageproc,image-rs/imageproc,16891,16891,100.0,1,Rust (16891),"{""Rust"": 16891}"
awesome-rust,awesome-rust-com/awesome-rust,3,3,100.0,1,Rust (3),"{""Rust"": 3}"
biodiff,8051Enthusiast/biodiff,11390,11390,100.0,1,Rust (11390),"{""Rust"": 11390}"
flowgger,awslabs/flowgger,7704,7704,100.0,1,Rust (7704),"{""Rust"": 7704}"
num-traits,rust-num/num-traits,4683,4683,100.0,1,Rust (4683),"{""Rust"": 4683}"
proc-macro2,dtolnay/proc-macro2,5185,5185,100.0,1,Rust (5185),"{""Rust"": 5185}"
rustfix,rust-lang/rustfix,865,865,100.0,1,Rust (865),"{""Rust"": 865}"
kurbo,linebender/kurbo,12663,12663,100.0,1,Rust (12663),"{""Rust"": 12663}"
cargo-show-asm,pacak/cargo-show-asm,3612,3612,100.0,1,Rust (3612),"{""Rust"": 3612}"
actix-extras,actix/actix-extras,8912,8912,100.0,1,Rust (8912),"{""Rust"": 8912}"
bevy_mod_picking,aevyrie/bevy_mod_picking,5100,5100,100.0,1,Rust (5100),"{""Rust"": 5100}"
leafwing-input-manager,Leafwing-Studios/leafwing-input-manager,12850,12850,100.0,1,Rust (12850),"{""Rust"": 12850}"
jieba-rs,messense/jieba-rs,2416,2416,100.0,1,Rust (2416),"{""Rust"": 2416}"
bootimage,rust-osdev/bootimage,1316,1316,100.0,1,Rust (1316),"{""Rust"": 1316}"
rust-av,rust-av/rust-av,4682,4682,100.0,1,Rust (4682),"{""Rust"": 4682}"
datafrog,rust-lang/datafrog,1400,1400,100.0,1,Rust (1400),"{""Rust"": 1400}"
ch57x-keyboard-tool,kriomant/ch57x-keyboard-tool,1130,1130,100.0,1,Rust (1130),"{""Rust"": 1130}"
AEADs,RustCrypto/AEADs,14838,14838,100.0,1,Rust (14838),"{""Rust"": 14838}"
arrayvec,bluss/arrayvec,2222,2222,100.0,1,Rust (2222),"{""Rust"": 2222}"
cargo-ndk,bbqsrc/cargo-ndk,2023,2023,100.0,1,Rust (2023),"{""Rust"": 2023}"
slab,tokio-rs/slab,1445,1445,100.0,1,Rust (1445),"{""Rust"": 1445}"
roaring-rs,RoaringBitmap/roaring-rs,15410,15410,100.0,1,Rust (15410),"{""Rust"": 15410}"
autometrics-rs,autometrics-dev/autometrics-rs,4010,4010,100.0,1,Rust (4010),"{""Rust"": 4010}"
bus,jonhoo/bus,649,649,100.0,1,Rust (649),"{""Rust"": 649}"
rust-sciter,sciter-sdk/rust-sciter,9842,9842,100.0,1,Rust (9842),"{""Rust"": 9842}"
tuc,riquito/tuc,6050,6050,100.0,1,Rust (6050),"{""Rust"": 6050}"
halo2,zcash/halo2,36572,36572,100.0,1,Rust (36572),"{""Rust"": 36572}"
directories-rs,dirs-dev/directories-rs,540,540,100.0,1,Rust (540),"{""Rust"": 540}"
arbitrary,rust-fuzz/arbitrary,3240,3240,100.0,1,Rust (3240),"{""Rust"": 3240}"
fishnet,lichess-org/fishnet,4299,4299,100.0,1,Rust (4299),"{""Rust"": 4299}"
smartcore,smartcorelib/smartcore,25414,25414,100.0,1,Rust (25414),"{""Rust"": 25414}"
arboard,1Password/arboard,2818,2818,100.0,1,Rust (2818),"{""Rust"": 2818}"
jsonrpc,paritytech/jsonrpc,13556,13556,100.0,1,Rust (13556),"{""Rust"": 13556}"
renet,lucaspoffo/renet,7726,7726,100.0,1,Rust (7726),"{""Rust"": 7726}"
nanoserde,not-fl3/nanoserde,8962,8962,100.0,1,Rust (8962),"{""Rust"": 8962}"
felix,kyoheiu/felix,6330,6330,100.0,1,Rust (6330),"{""Rust"": 6330}"
rust-esp32-std-demo,ivmarkov/rust-esp32-std-demo,1190,1190,100.0,1,Rust (1190),"{""Rust"": 1190}"
minesweeper-rs,robmikh/minesweeper-rs,1303,1303,100.0,1,Rust (1303),"{""Rust"": 1303}"
window-vibrancy,tauri-apps/window-vibrancy,745,745,100.0,1,Rust (745),"{""Rust"": 745}"
tower-http,tower-rs/tower-http,14757,14757,100.0,1,Rust (14757),"{""Rust"": 14757}"
bevy_ecs_ldtk,Trouv/bevy_ecs_ldtk,8735,8735,100.0,1,Rust (8735),"{""Rust"": 8735}"
steamguard-cli,dyc3/steamguard-cli,7396,7396,100.0,1,Rust (7396),"{""Rust"": 7396}"
svd2rust,rust-embedded/svd2rust,7761,7761,100.0,1,Rust (7761),"{""Rust"": 7761}"
xcap,nashaofu/xcap,3990,3990,100.0,1,Rust (3990),"{""Rust"": 3990}"
swash,dfrg/swash,22774,22774,100.0,1,Rust (22774),"{""Rust"": 22774}"
Spartan,microsoft/Spartan,6877,6877,100.0,1,Rust (6877),"{""Rust"": 6877}"
akula,akula-bft/akula,41107,41107,100.0,1,Rust (41107),"{""Rust"": 41107}"
papaya,ibraheemdev/papaya,6402,6402,100.0,1,Rust (6402),"{""Rust"": 6402}"
Figment,SergioBenitez/Figment,4359,4359,100.0,1,Rust (4359),"{""Rust"": 4359}"
lowfi,talwat/lowfi,1856,1856,100.0,1,Rust (1856),"{""Rust"": 1856}"
heed,meilisearch/heed,7869,7869,100.0,1,Rust (7869),"{""Rust"": 7869}"
password-hashes,RustCrypto/password-hashes,7030,7030,100.0,1,Rust (7030),"{""Rust"": 7030}"
advent-of-code-rust,fspoettel/advent-of-code-rust,1396,1396,100.0,1,Rust (1396),"{""Rust"": 1396}"
elliptic-curves,RustCrypto/elliptic-curves,161078,161078,100.0,1,Rust (161078),"{""Rust"": 161078}"
erased-serde,dtolnay/erased-serde,3407,3407,100.0,1,Rust (3407),"{""Rust"": 3407}"
binance-rs,ccxt/binance-rs,7053,7053,100.0,1,Rust (7053),"{""Rust"": 7053}"
Nova,microsoft/Nova,22700,22700,100.0,1,Rust (22700),"{""Rust"": 22700}"
rustcat,robiot/rustcat,354,354,100.0,1,Rust (354),"{""Rust"": 354}"
ultraviolet,fu5ha/ultraviolet,8849,8849,100.0,1,Rust (8849),"{""Rust"": 8849}"
jsonrpsee,paritytech/jsonrpsee,19787,19787,100.0,1,Rust (19787),"{""Rust"": 19787}"
serde_with,jonasbb/serde_with,26760,26760,100.0,1,Rust (26760),"{""Rust"": 26760}"
bevy_prototype_lyon,Nilirad/bevy_prototype_lyon,1592,1592,100.0,1,Rust (1592),"{""Rust"": 1592}"
h3,hyperium/h3,16743,16743,100.0,1,Rust (16743),"{""Rust"": 16743}"
twilight,twilight-rs/twilight,80502,80502,100.0,1,Rust (80502),"{""Rust"": 80502}"
runebender,linebender/runebender,11665,11665,100.0,1,Rust (11665),"{""Rust"": 11665}"
xshell,matklad/xshell,2035,2035,100.0,1,Rust (2035),"{""Rust"": 2035}"
governor,boinkor-net/governor,3399,3399,100.0,1,Rust (3399),"{""Rust"": 3399}"
rowan,rust-analyzer/rowan,4199,4199,100.0,1,Rust (4199),"{""Rust"": 4199}"
object,gimli-rs/object,48559,48559,100.0,1,Rust (48559),"{""Rust"": 48559}"
Ares,bee-san/Ares,9756,9756,100.0,1,Rust (9756),"{""Rust"": 9756}"
cargo-auditable,rust-secure-code/cargo-auditable,2848,2848,100.0,1,Rust (2848),"{""Rust"": 2848}"
tui-realm,veeso/tui-realm,9227,9227,100.0,1,Rust (9227),"{""Rust"": 9227}"
voyager,mattsse/voyager,1659,1659,100.0,1,Rust (1659),"{""Rust"": 1659}"
binrw,jam1garner/binrw,15461,15461,100.0,1,Rust (15461),"{""Rust"": 15461}"
reflect,dtolnay/reflect,3012,3012,100.0,1,Rust (3012),"{""Rust"": 3012}"
kubectl-view-allocations,davidB/kubectl-view-allocations,1446,1446,100.0,1,Rust (1446),"{""Rust"": 1446}"
kiro-editor,rhysd/kiro-editor,4856,4856,100.0,1,Rust (4856),"{""Rust"": 4856}"
git-graph,mlange-42/git-graph,3208,3208,100.0,1,Rust (3208),"{""Rust"": 3208}"
minitrace-rust,tikv/minitrace-rust,6025,6025,100.0,1,Rust (6025),"{""Rust"": 6025}"
mockito,lipanski/mockito,3487,3487,100.0,1,Rust (3487),"{""Rust"": 3487}"
garde,jprochazk/garde,6537,6537,100.0,1,Rust (6537),"{""Rust"": 6537}"
halp,orhun/halp,1073,1073,100.0,1,Rust (1073),"{""Rust"": 1073}"
serpl,yassinebridi/serpl,4706,4706,100.0,1,Rust (4706),"{""Rust"": 4706}"
font-kit,servo/font-kit,6924,6924,100.0,1,Rust (6924),"{""Rust"": 6924}"
cargo-hack,taiki-e/cargo-hack,5674,5674,100.0,1,Rust (5674),"{""Rust"": 5674}"
cargo-instruments,cmyr/cargo-instruments,760,760,100.0,1,Rust (760),"{""Rust"": 760}"
lru-rs,jeromefroe/lru-rs,1607,1607,100.0,1,Rust (1607),"{""Rust"": 1607}"
wiremock-rs,LukeMathWalker/wiremock-rs,2408,2408,100.0,1,Rust (2408),"{""Rust"": 2408}"
owo-colors,owo-colors/owo-colors,3221,3221,100.0,1,Rust (3221),"{""Rust"": 3221}"
dirs-rs,dirs-dev/dirs-rs,202,202,100.0,1,Rust (202),"{""Rust"": 202}"
dyn-clone,dtolnay/dyn-clone,287,287,100.0,1,Rust (287),"{""Rust"": 287}"
avbroot,chenxiaolong/avbroot,21894,21894,100.0,1,Rust (21894),"{""Rust"": 21894}"
ruduino,avr-rust/ruduino,20601,20601,100.0,1,Rust (20601),"{""Rust"": 20601}"
iocraft,ccbrown/iocraft,8201,8201,100.0,1,Rust (8201),"{""Rust"": 8201}"
always-online-stun,pradt2/always-online-stun,1168,1168,100.0,1,Rust (1168),"{""Rust"": 1168}"
indoc,dtolnay/indoc,813,813,100.0,1,Rust (813),"{""Rust"": 813}"
progenitor,oxidecomputer/progenitor,148383,148383,100.0,1,Rust (148383),"{""Rust"": 148383}"
statrs,statrs-dev/statrs,18800,18800,100.0,1,Rust (18800),"{""Rust"": 18800}"
hck,sstadick/hck,2505,2505,100.0,1,Rust (2505),"{""Rust"": 2505}"
block-ciphers,RustCrypto/block-ciphers,14830,14830,100.0,1,Rust (14830),"{""Rust"": 14830}"
zip-old,zip-rs/zip-old,4853,4853,100.0,1,Rust (4853),"{""Rust"": 4853}"
parry,dimforge/parry,43202,43202,100.0,1,Rust (43202),"{""Rust"": 43202}"
thunder,0x676e67/thunder,1564,1564,100.0,1,Rust (1564),"{""Rust"": 1564}"
typify,oxidecomputer/typify,26408,26408,100.0,1,Rust (26408),"{""Rust"": 26408}"
gl-rs,rust-windowing/gl-rs,3354,3354,100.0,1,Rust (3354),"{""Rust"": 3354}"
ed25519-dalek,dalek-cryptography/ed25519-dalek,2123,2123,100.0,1,Rust (2123),"{""Rust"": 2123}"
sendme,n0-computer/sendme,1076,1076,100.0,1,Rust (1076),"{""Rust"": 1076}"
statig,mdeloof/statig,9469,9469,100.0,1,Rust (9469),"{""Rust"": 9469}"
async-stream,tokio-rs/async-stream,866,866,100.0,1,Rust (866),"{""Rust"": 866}"
prettyplease,dtolnay/prettyplease,91470,91470,100.0,1,Rust (91470),"{""Rust"": 91470}"
topngx,gsquire/topngx,499,499,100.0,1,Rust (499),"{""Rust"": 499}"
std-training,esp-rs/std-training,1366,1366,100.0,1,Rust (1366),"{""Rust"": 1366}"
cargo-pgo,Kobzol/cargo-pgo,2172,2172,100.0,1,Rust (2172),"{""Rust"": 2172}"
generational-arena,fitzgen/generational-arena,1462,1462,100.0,1,Rust (1462),"{""Rust"": 1462}"
nomino,yaa110/nomino,1569,1569,100.0,1,Rust (1569),"{""Rust"": 1569}"
Peng,makeecat/Peng,2178,2178,100.0,1,Rust (2178),"{""Rust"": 2178}"
adsb_deku,rsadsb/adsb_deku,4841,4841,100.0,1,Rust (4841),"{""Rust"": 4841}"
tar-rs,alexcrichton/tar-rs,5658,5658,100.0,1,Rust (5658),"{""Rust"": 5658}"
agate,mbrubeck/agate,1387,1387,100.0,1,Rust (1387),"{""Rust"": 1387}"
pcap2socks,zhxie/pcap2socks,6367,6367,100.0,1,Rust (6367),"{""Rust"": 6367}"
traits,RustCrypto/traits,11006,11006,100.0,1,Rust (11006),"{""Rust"": 11006}"
pin-project,taiki-e/pin-project,11528,11528,100.0,1,Rust (11528),"{""Rust"": 11528}"
polling,smol-rs/polling,5047,5047,100.0,1,Rust (5047),"{""Rust"": 5047}"
glfw-rs,PistonDevelopers/glfw-rs,3860,3860,100.0,1,Rust (3860),"{""Rust"": 3860}"
chili,dragostis/chili,768,768,100.0,1,Rust (768),"{""Rust"": 768}"
reedline,nushell/reedline,15710,15710,100.0,1,Rust (15710),"{""Rust"": 15710}"
pubgrub,pubgrub-rs/pubgrub,5488,5488,100.0,1,Rust (5488),"{""Rust"": 5488}"
ytui-music,sudipghimire533/ytui-music,3246,3246,100.0,1,Rust (3246),"{""Rust"": 3246}"
Plonky3,Plonky3/Plonky3,43810,43810,100.0,1,Rust (43810),"{""Rust"": 43810}"
libcosmic,pop-os/libcosmic,37495,37495,100.0,1,Rust (37495),"{""Rust"": 37495}"
fast_rsync,dropbox/fast_rsync,1917,1917,100.0,1,Rust (1917),"{""Rust"": 1917}"
mimalloc_rust,purpleprotocol/mimalloc_rust,567,567,100.0,1,Rust (567),"{""Rust"": 567}"
ruma,ruma/ruma,81976,81976,100.0,1,Rust (81976),"{""Rust"": 81976}"
cacache-rs,zkat/cacache-rs,3824,3824,100.0,1,Rust (3824),"{""Rust"": 3824}"
ryu,dtolnay/ryu,2992,2992,100.0,1,Rust (2992),"{""Rust"": 2992}"
systemstat,valpackett/systemstat,3484,3484,100.0,1,Rust (3484),"{""Rust"": 3484}"
Peroxide,Axect/Peroxide,24470,24470,100.0,1,Rust (24470),"{""Rust"": 24470}"
httparse,seanmonstar/httparse,6443,6443,100.0,1,Rust (6443),"{""Rust"": 6443}"
docuum,stepchowfun/docuum,1482,1482,100.0,1,Rust (1482),"{""Rust"": 1482}"
relly,KOBA789/relly,1900,1900,100.0,1,Rust (1900),"{""Rust"": 1900}"
probe-run,knurling-rs/probe-run,2639,2639,100.0,1,Rust (2639),"{""Rust"": 2639}"
gpt-macro,retrage/gpt-macro,240,240,100.0,1,Rust (240),"{""Rust"": 240}"
puppy-browser,lmt-swallow/puppy-browser,3078,3078,100.0,1,Rust (3078),"{""Rust"": 3078}"
lazyjj,Cretezy/lazyjj,5894,5894,100.0,1,Rust (5894),"{""Rust"": 5894}"
ouroboros,someguynamedjosh/ouroboros,2674,2674,100.0,1,Rust (2674),"{""Rust"": 2674}"
KiteSQL,KipData/KiteSQL,35118,35118,100.0,1,Rust (35118),"{""Rust"": 35118}"
mutagen,llogiq/mutagen,5605,5605,100.0,1,Rust (5605),"{""Rust"": 5605}"
semver,dtolnay/semver,2251,2251,100.0,1,Rust (2251),"{""Rust"": 2251}"
rust-ctrlc,Detegr/rust-ctrlc,568,568,100.0,1,Rust (568),"{""Rust"": 568}"
hackernews-TUI,aome510/hackernews-TUI,5398,5398,100.0,1,Rust (5398),"{""Rust"": 5398}"
cavif-rs,kornelski/cavif-rs,1093,1093,100.0,1,Rust (1093),"{""Rust"": 1093}"
dbus-rs,diwic/dbus-rs,17401,17401,100.0,1,Rust (17401),"{""Rust"": 17401}"
magi,a16z/magi,6725,6725,100.0,1,Rust (6725),"{""Rust"": 6725}"
shiplift,softprops/shiplift,5441,5441,100.0,1,Rust (5441),"{""Rust"": 5441}"
static-assertions,nvzqz/static-assertions,730,730,100.0,1,Rust (730),"{""Rust"": 730}"
wickdb,Fullstop000/wickdb,15307,15307,100.0,1,Rust (15307),"{""Rust"": 15307}"
keyring-rs,open-source-cooperative/keyring-rs,3303,3303,100.0,1,Rust (3303),"{""Rust"": 3303}"
serialport-rs,serialport/serialport-rs,5057,5057,100.0,1,Rust (5057),"{""Rust"": 5057}"
native_db,vincent-herlemont/native_db,11828,11828,100.0,1,Rust (11828),"{""Rust"": 11828}"
test-case,frondeus/test-case,2357,2357,100.0,1,Rust (2357),"{""Rust"": 2357}"
iai,bheisler/iai,425,425,100.0,1,Rust (425),"{""Rust"": 425}"
salva,dimforge/salva,6567,6567,100.0,1,Rust (6567),"{""Rust"": 6567}"
pico-args,RazrFalcon/pico-args,1024,1024,100.0,1,Rust (1024),"{""Rust"": 1024}"
narrowlink,narrowlink/narrowlink,9587,9587,100.0,1,Rust (9587),"{""Rust"": 9587}"
distant,chipsenkbeil/distant,52726,52726,100.0,1,Rust (52726),"{""Rust"": 52726}"
pollster,zesterer/pollster,250,250,100.0,1,Rust (250),"{""Rust"": 250}"
shadow-rs,baoyachi/shadow-rs,1941,1941,100.0,1,Rust (1941),"{""Rust"": 1941}"
RSA,RustCrypto/RSA,6631,6631,100.0,1,Rust (6631),"{""Rust"": 6631}"
ggrs,gschup/ggrs,4152,4152,100.0,1,Rust (4152),"{""Rust"": 4152}"
pb-jelly,dropbox/pb-jelly,18206,18206,100.0,1,Rust (18206),"{""Rust"": 18206}"
prsqlite,kawasin73/prsqlite,17086,17086,100.0,1,Rust (17086),"{""Rust"": 17086}"
noodles,zaeleus/noodles,89512,89512,100.0,1,Rust (89512),"{""Rust"": 89512}"
num_cpus,seanmonstar/num_cpus,802,802,100.0,1,Rust (802),"{""Rust"": 802}"
cfg-if,rust-lang/cfg-if,154,154,100.0,1,Rust (154),"{""Rust"": 154}"
jmap-server,stalwartlabs/jmap-server,94,94,100.0,1,Rust (94),"{""Rust"": 94}"
dotenv,dotenv-rs/dotenv,1133,1133,100.0,1,Rust (1133),"{""Rust"": 1133}"
esp-idf-hal,esp-rs/esp-idf-hal,19293,19293,100.0,1,Rust (19293),"{""Rust"": 19293}"
MozWire,NilsIrl/MozWire,736,736,100.0,1,Rust (736),"{""Rust"": 736}"
com-rs,microsoft/com-rs,3755,3755,100.0,1,Rust (3755),"{""Rust"": 3755}"
bevy_asset_loader,NiklasEi/bevy_asset_loader,5885,5885,100.0,1,Rust (5885),"{""Rust"": 5885}"
todo-or-die,davidpdrsn/todo-or-die,534,534,100.0,1,Rust (534),"{""Rust"": 534}"
pb,a8m/pb,996,996,100.0,1,Rust (996),"{""Rust"": 996}"
pdf-writer,typst/pdf-writer,9403,9403,100.0,1,Rust (9403),"{""Rust"": 9403}"
windows-service-rs,mullvad/windows-service-rs,2165,2165,100.0,1,Rust (2165),"{""Rust"": 2165}"
nanoid,mrdimidium/nanoid,191,191,100.0,1,Rust (191),"{""Rust"": 191}"
chiselstore,chiselstrike/chiselstore,873,873,100.0,1,Rust (873),"{""Rust"": 873}"
savage,p-e-w/savage,3144,3144,100.0,1,Rust (3144),"{""Rust"": 3144}"
rdbc,tokio-rs/rdbc,798,798,100.0,1,Rust (798),"{""Rust"": 798}"
gltf,gltf-rs/gltf,9892,9892,100.0,1,Rust (9892),"{""Rust"": 9892}"
ReGreet,rharish101/ReGreet,2200,2200,100.0,1,Rust (2200),"{""Rust"": 2200}"
plotlars,alceal/plotlars,6782,6782,100.0,1,Rust (6782),"{""Rust"": 6782}"
termchat,lemunozm/termchat,1454,1454,100.0,1,Rust (1454),"{""Rust"": 1454}"
color-backtrace,athre0z/color-backtrace,732,732,100.0,1,Rust (732),"{""Rust"": 732}"
ducker,robertpsoane/ducker,5220,5220,100.0,1,Rust (5220),"{""Rust"": 5220}"
vivid,sharkdp/vivid,788,788,100.0,1,Rust (788),"{""Rust"": 788}"
Nping,hanshuaikang/Nping,1062,1062,100.0,1,Rust (1062),"{""Rust"": 1062}"
rust-phf,rust-phf/rust-phf,3393,3393,100.0,1,Rust (3393),"{""Rust"": 3393}"
cargo-udeps,est31/cargo-udeps,1650,1650,100.0,1,Rust (1650),"{""Rust"": 1650}"
dotenv-linter,dotenv-linter/dotenv-linter,7751,7751,100.0,1,Rust (7751),"{""Rust"": 7751}"
derive_more,JelteF/derive_more,29386,29386,100.0,1,Rust (29386),"{""Rust"": 29386}"
ureq,algesten/ureq,7863,7863,100.0,1,Rust (7863),"{""Rust"": 7863}"
revm,bluealloy/revm,34543,34543,100.0,1,Rust (34543),"{""Rust"": 34543}"
wrkflw,bahdotsh/wrkflw,13065,13065,100.0,1,Rust (13065),"{""Rust"": 13065}"
case-studies,dtolnay/case-studies,256,256,100.0,1,Rust (256),"{""Rust"": 256}"
colored,colored-rs/colored,2324,2324,100.0,1,Rust (2324),"{""Rust"": 2324}"
git2-rs,rust-lang/git2-rs,24985,24985,100.0,1,Rust (24985),"{""Rust"": 24985}"
rand,rust-random/rand,9329,9329,100.0,1,Rust (9329),"{""Rust"": 9329}"
lopdf,J-F-Liu/lopdf,21841,21841,100.0,1,Rust (21841),"{""Rust"": 21841}"
jsonwebtoken,Keats/jsonwebtoken,3025,3025,100.0,1,Rust (3025),"{""Rust"": 3025}"
tao,tauri-apps/tao,27124,27124,100.0,1,Rust (27124),"{""Rust"": 27124}"
sps,alexykn/sps,18897,18897,100.0,1,Rust (18897),"{""Rust"": 18897}"
bumpalo,fitzgen/bumpalo,6412,6412,100.0,1,Rust (6412),"{""Rust"": 6412}"
cosmic-text,pop-os/cosmic-text,9352,9352,100.0,1,Rust (9352),"{""Rust"": 9352}"
gdrive,glotlabs/gdrive,5055,5055,100.0,1,Rust (5055),"{""Rust"": 5055}"
argh,google/argh,4487,4487,100.0,1,Rust (4487),"{""Rust"": 4487}"
reshape,fabianlindfors/reshape,6081,6081,100.0,1,Rust (6081),"{""Rust"": 6081}"
texlab,latex-lsp/texlab,31417,31417,100.0,1,Rust (31417),"{""Rust"": 31417}"
heapless,rust-embedded/heapless,10604,10604,100.0,1,Rust (10604),"{""Rust"": 10604}"
afl.rs,rust-fuzz/afl.rs,1163,1163,100.0,1,Rust (1163),"{""Rust"": 1163}"
fltk-rs,fltk-rs/fltk-rs,66571,66571,100.0,1,Rust (66571),"{""Rust"": 66571}"
glam-rs,bitshifter/glam-rs,177377,177377,100.0,1,Rust (177377),"{""Rust"": 177377}"
kibi,ilai-deutel/kibi,1629,1629,100.0,1,Rust (1629),"{""Rust"": 1629}"
bingrep,m4b/bingrep,2385,2385,100.0,1,Rust (2385),"{""Rust"": 2385}"
rustyline,kkawakam/rustyline,13307,13307,100.0,1,Rust (13307),"{""Rust"": 13307}"
killport,jkfran/killport,1229,1229,100.0,1,Rust (1229),"{""Rust"": 1229}"
macchina,Macchina-CLI/macchina,2596,2596,100.0,1,Rust (2596),"{""Rust"": 2596}"
windows-drivers-rs,microsoft/windows-drivers-rs,16176,16176,100.0,1,Rust (16176),"{""Rust"": 16176}"
mockall,asomers/mockall,11640,11640,100.0,1,Rust (11640),"{""Rust"": 11640}"
docker-compose-wait,ufoscout/docker-compose-wait,862,862,100.0,1,Rust (862),"{""Rust"": 862}"
Av1an,rust-av/Av1an,12216,12216,100.0,1,Rust (12216),"{""Rust"": 12216}"
legion,amethyst/legion,13426,13426,100.0,1,Rust (13426),"{""Rust"": 13426}"
cargo-fuzz,rust-fuzz/cargo-fuzz,2674,2674,100.0,1,Rust (2674),"{""Rust"": 2674}"
boxxy,queer/boxxy,1881,1881,100.0,1,Rust (1881),"{""Rust"": 1881}"
rssbot,iovxw/rssbot,2285,2285,100.0,1,Rust (2285),"{""Rust"": 2285}"
oryx,pythops/oryx,8487,8487,100.0,1,Rust (8487),"{""Rust"": 8487}"
jql,yamafaktory/jql,2462,2462,100.0,1,Rust (2462),"{""Rust"": 2462}"
spacer,samwho/spacer,535,535,100.0,1,Rust (535),"{""Rust"": 535}"
rust-ffmpeg,zmwangx/rust-ffmpeg,14707,14707,100.0,1,Rust (14707),"{""Rust"": 14707}"
kanal,fereidani/kanal,3058,3058,100.0,1,Rust (3058),"{""Rust"": 3058}"
puffin,EmbarkStudios/puffin,5052,5052,100.0,1,Rust (5052),"{""Rust"": 5052}"
plz-cli,m1guelpf/plz-cli,162,162,100.0,1,Rust (162),"{""Rust"": 162}"
nutype,greyblake/nutype,10569,10569,100.0,1,Rust (10569),"{""Rust"": 10569}"
aigc,phodal/aigc,20,20,100.0,1,Rust (20),"{""Rust"": 20}"
barter-rs,barter-rs/barter-rs,29183,29183,100.0,1,Rust (29183),"{""Rust"": 29183}"
rouille,bnjbvr/rouille,309,309,100.0,1,Rust (309),"{""Rust"": 309}"
fontdue,mooman219/fontdue,4752,4752,100.0,1,Rust (4752),"{""Rust"": 4752}"
rust-peg,kevinmehall/rust-peg,7372,7372,100.0,1,Rust (7372),"{""Rust"": 7372}"
im-rs,bodil/im-rs,12957,12957,100.0,1,Rust (12957),"{""Rust"": 12957}"
gpg-tui,orhun/gpg-tui,6538,6538,100.0,1,Rust (6538),"{""Rust"": 6538}"
rpds,orium/rpds,10497,10497,100.0,1,Rust (10497),"{""Rust"": 10497}"
pdf,pdf-rs/pdf,11320,11320,100.0,1,Rust (11320),"{""Rust"": 11320}"
rust-smallvec,servo/rust-smallvec,3486,3486,100.0,1,Rust (3486),"{""Rust"": 3486}"
ropey,cessen/ropey,12975,12975,100.0,1,Rust (12975),"{""Rust"": 12975}"
MessAuto,LeeeSe/MessAuto,2358,2358,100.0,1,Rust (2358),"{""Rust"": 2358}"
pprof-rs,tikv/pprof-rs,3018,3018,100.0,1,Rust (3018),"{""Rust"": 3018}"
cargo-geiger,geiger-rs/cargo-geiger,7874,7874,100.0,1,Rust (7874),"{""Rust"": 7874}"
click,databricks/click,12224,12224,100.0,1,Rust (12224),"{""Rust"": 12224}"
ore-cli,regolith-labs/ore-cli,3584,3584,100.0,1,Rust (3584),"{""Rust"": 3584}"
surf,http-rs/surf,1629,1629,100.0,1,Rust (1629),"{""Rust"": 1629}"
polonius,rust-lang/polonius,5020,5020,100.0,1,Rust (5020),"{""Rust"": 5020}"
RustQuant,avhz/RustQuant,24740,24740,100.0,1,Rust (24740),"{""Rust"": 24740}"
ts-rs,Aleph-Alpha/ts-rs,7948,7948,100.0,1,Rust (7948),"{""Rust"": 7948}"
sea-query,SeaQL/sea-query,29370,29370,100.0,1,Rust (29370),"{""Rust"": 29370}"
enigo,enigo-rs/enigo,8442,8442,100.0,1,Rust (8442),"{""Rust"": 8442}"
rust-script,fornwall/rust-script,2856,2856,100.0,1,Rust (2856),"{""Rust"": 2856}"
dialoguer,console-rs/dialoguer,3451,3451,100.0,1,Rust (3451),"{""Rust"": 3451}"
cs431,kaist-cp/cs431,5243,5243,100.0,1,Rust (5243),"{""Rust"": 5243}"
rust-derive-builder,colin-kiegel/rust-derive-builder,4844,4844,100.0,1,Rust (4844),"{""Rust"": 4844}"
moonwalk,mufeedvh/moonwalk,458,458,100.0,1,Rust (458),"{""Rust"": 458}"
io-uring,tokio-rs/io-uring,17867,17867,100.0,1,Rust (17867),"{""Rust"": 17867}"
mask,jacobdeichert/mask,1992,1992,100.0,1,Rust (1992),"{""Rust"": 1992}"
quote,dtolnay/quote,2208,2208,100.0,1,Rust (2208),"{""Rust"": 2208}"
cargo-semver-checks,obi1kenobi/cargo-semver-checks,17858,17858,100.0,1,Rust (17858),"{""Rust"": 17858}"
bevy-inspector-egui,jakobhellermann/bevy-inspector-egui,8351,8351,100.0,1,Rust (8351),"{""Rust"": 8351}"
zemeroth,ozkriff/zemeroth,12212,12212,100.0,1,Rust (12212),"{""Rust"": 12212}"
bevy_rapier,dimforge/bevy_rapier,13552,13552,100.0,1,Rust (13552),"{""Rust"": 13552}"
type-exercise-in-rust,skyzh/type-exercise-in-rust,5693,5693,100.0,1,Rust (5693),"{""Rust"": 5693}"
rppal,golemparts/rppal,6282,6282,100.0,1,Rust (6282),"{""Rust"": 6282}"
tickrs,tarkah/tickrs,5760,5760,100.0,1,Rust (5760),"{""Rust"": 5760}"
typetag,dtolnay/typetag,4371,4371,100.0,1,Rust (4371),"{""Rust"": 4371}"
quick-xml,tafia/quick-xml,34165,34165,100.0,1,Rust (34165),"{""Rust"": 34165}"
glow,grovesNL/glow,49015,49015,100.0,1,Rust (49015),"{""Rust"": 49015}"
dnspeep,jvns/dnspeep,378,378,100.0,1,Rust (378),"{""Rust"": 378}"
rust_libloading,nagisa/rust_libloading,1430,1430,100.0,1,Rust (1430),"{""Rust"": 1430}"
ttyper,max-niederman/ttyper,1336,1336,100.0,1,Rust (1336),"{""Rust"": 1336}"
systeroid,orhun/systeroid,3899,3899,100.0,1,Rust (3899),"{""Rust"": 3899}"
rustle,pintariching/rustle,3,3,100.0,1,Rust (3),"{""Rust"": 3}"
russh,Eugeny/russh,18390,18390,100.0,1,Rust (18390),"{""Rust"": 18390}"
yas,wormtql/yas,8331,8331,100.0,1,Rust (8331),"{""Rust"": 8331}"
paperback,cyphar/paperback,4117,4117,100.0,1,Rust (4117),"{""Rust"": 4117}"
tempfile,Stebalien/tempfile,2257,2257,100.0,1,Rust (2257),"{""Rust"": 2257}"
combine,Marwes/combine,14350,14350,100.0,1,Rust (14350),"{""Rust"": 14350}"
cargo-outdated,kbknapp/cargo-outdated,1732,1732,100.0,1,Rust (1732),"{""Rust"": 1732}"
tokio-uring,tokio-rs/tokio-uring,5938,5938,100.0,1,Rust (5938),"{""Rust"": 5938}"
bitvec,ferrilab/bitvec,20274,20274,100.0,1,Rust (20274),"{""Rust"": 20274}"
ferium,gorilla-devs/ferium,4799,4799,100.0,1,Rust (4799),"{""Rust"": 4799}"
sshs,quantumsheep/sshs,1337,1337,100.0,1,Rust (1337),"{""Rust"": 1337}"
netscanner,Chleba/netscanner,5518,5518,100.0,1,Rust (5518),"{""Rust"": 5518}"
msgpack-rust,3Hren/msgpack-rust,13450,13450,100.0,1,Rust (13450),"{""Rust"": 13450}"
apkeep,EFForg/apkeep,1684,1684,100.0,1,Rust (1684),"{""Rust"": 1684}"
markdown-rs,wooorm/markdown-rs,61337,61337,100.0,1,Rust (61337),"{""Rust"": 61337}"
notify-rust,hoodie/notify-rust,3441,3441,100.0,1,Rust (3441),"{""Rust"": 3441}"
tdf,itsjunetime/tdf,2452,2452,100.0,1,Rust (2452),"{""Rust"": 2452}"
nat,willdoescode/nat,642,642,100.0,1,Rust (642),"{""Rust"": 642}"
http,hyperium/http,9501,9501,100.0,1,Rust (9501),"{""Rust"": 9501}"
deku,sharksforarms/deku,14913,14913,100.0,1,Rust (14913),"{""Rust"": 14913}"
big-brain,zkat/big-brain,3371,3371,100.0,1,Rust (3371),"{""Rust"": 3371}"
nats.rs,nats-io/nats.rs,32252,32252,100.0,1,Rust (32252),"{""Rust"": 32252}"
cargo-bundle,burtonageo/cargo-bundle,4046,4046,100.0,1,Rust (4046),"{""Rust"": 4046}"
octocrab,XAMPPRocky/octocrab,26110,26110,100.0,1,Rust (26110),"{""Rust"": 26110}"
pdfrip,mufeedvh/pdfrip,707,707,100.0,1,Rust (707),"{""Rust"": 707}"
auto-commit,m1guelpf/auto-commit,240,240,100.0,1,Rust (240),"{""Rust"": 240}"
binocle,sharkdp/binocle,1412,1412,100.0,1,Rust (1412),"{""Rust"": 1412}"
tower-lsp,ebkalderon/tower-lsp,3777,3777,100.0,1,Rust (3777),"{""Rust"": 3777}"
time,time-rs/time,34096,34096,100.0,1,Rust (34096),"{""Rust"": 34096}"
codespan,brendanzab/codespan,4383,4383,100.0,1,Rust (4383),"{""Rust"": 4383}"
inline-python,m-ou-se/inline-python,609,609,100.0,1,Rust (609),"{""Rust"": 609}"
graphql-client,graphql-rust/graphql-client,6835,6835,100.0,1,Rust (6835),"{""Rust"": 6835}"
divan,nvzqz/divan,9415,9415,100.0,1,Rust (9415),"{""Rust"": 9415}"
cherrybomb,blst-security/cherrybomb,6652,6652,100.0,1,Rust (6652),"{""Rust"": 6652}"
nucleo,helix-editor/nucleo,6488,6488,100.0,1,Rust (6488),"{""Rust"": 6488}"
cgmath,rustgd/cgmath,8547,8547,100.0,1,Rust (8547),"{""Rust"": 8547}"
comfy-table,Nukesor/comfy-table,4637,4637,100.0,1,Rust (4637),"{""Rust"": 4637}"
osintui,wssheldon/osintui,3310,3310,100.0,1,Rust (3310),"{""Rust"": 3310}"
postcard,jamesmunns/postcard,12825,12825,100.0,1,Rust (12825),"{""Rust"": 12825}"
message-io,lemunozm/message-io,4837,4837,100.0,1,Rust (4837),"{""Rust"": 4837}"
cmd-wrapped,YiNNx/cmd-wrapped,947,947,100.0,1,Rust (947),"{""Rust"": 947}"
darling,TedDriggs/darling,10645,10645,100.0,1,Rust (10645),"{""Rust"": 10645}"
inventory,dtolnay/inventory,312,312,100.0,1,Rust (312),"{""Rust"": 312}"
num,rust-num/num,38,38,100.0,1,Rust (38),"{""Rust"": 38}"
dotter,SuperCuber/dotter,3716,3716,100.0,1,Rust (3716),"{""Rust"": 3716}"
raqote,jrmuizel/raqote,3878,3878,100.0,1,Rust (3878),"{""Rust"": 3878}"
core-foundation-rs,servo/core-foundation-rs,19723,19723,100.0,1,Rust (19723),"{""Rust"": 19723}"
no-panic,dtolnay/no-panic,676,676,100.0,1,Rust (676),"{""Rust"": 676}"
lapin,amqp-rs/lapin,10215,10215,100.0,1,Rust (10215),"{""Rust"": 10215}"
cargo-modules,regexident/cargo-modules,6966,6966,100.0,1,Rust (6966),"{""Rust"": 6966}"
hecs,Ralith/hecs,8906,8906,100.0,1,Rust (8906),"{""Rust"": 8906}"
fake-rs,cksac/fake-rs,16326,16326,100.0,1,Rust (16326),"{""Rust"": 16326}"
aho-corasick,BurntSushi/aho-corasick,12432,12432,100.0,1,Rust (12432),"{""Rust"": 12432}"
uom,iliekturtles/uom,16147,16147,100.0,1,Rust (16147),"{""Rust"": 16147}"
rust_cmd_lib,rust-shell-script/rust_cmd_lib,3239,3239,100.0,1,Rust (3239),"{""Rust"": 3239}"
uuid,uuid-rs/uuid,5069,5069,100.0,1,Rust (5069),"{""Rust"": 5069}"
rust-decimal,paupino/rust-decimal,12448,12448,100.0,1,Rust (12448),"{""Rust"": 12448}"
xargo,japaric/xargo,2275,2275,100.0,1,Rust (2275),"{""Rust"": 2275}"
foyer,foyer-rs/foyer,17515,17515,100.0,1,Rust (17515),"{""Rust"": 17515}"
pg_jsonschema,supabase/pg_jsonschema,187,187,100.0,1,Rust (187),"{""Rust"": 187}"
fuse-rs,zargony/fuse-rs,2936,2936,100.0,1,Rust (2936),"{""Rust"": 2936}"
diskus,sharkdp/diskus,267,267,100.0,1,Rust (267),"{""Rust"": 267}"
encrypted-dns-server,DNSCrypt/encrypted-dns-server,3058,3058,100.0,1,Rust (3058),"{""Rust"": 3058}"
tiny,osa1/tiny,13245,13245,100.0,1,Rust (13245),"{""Rust"": 13245}"
dropshot,oxidecomputer/dropshot,28032,28032,100.0,1,Rust (28032),"{""Rust"": 28032}"
bellman,zkcrypto/bellman,7619,7619,100.0,1,Rust (7619),"{""Rust"": 7619}"
oauth2-rs,ramosbugs/oauth2-rs,7311,7311,100.0,1,Rust (7311),"{""Rust"": 7311}"
log4rs,estk/log4rs,6526,6526,100.0,1,Rust (6526),"{""Rust"": 6526}"
async-raft,async-raft/async-raft,4636,4636,100.0,1,Rust (4636),"{""Rust"": 4636}"
arc-swap,vorner/arc-swap,2959,2959,100.0,1,Rust (2959),"{""Rust"": 2959}"
dune,adam-mcdaniel/dune,7025,7025,100.0,1,Rust (7025),"{""Rust"": 7025}"
rust-typed-builder,idanarye/rust-typed-builder,3016,3016,100.0,1,Rust (3016),"{""Rust"": 3016}"
riker,riker-rs/riker,5443,5443,100.0,1,Rust (5443),"{""Rust"": 5443}"
cargo-machete,bnjbvr/cargo-machete,1115,1115,100.0,1,Rust (1115),"{""Rust"": 1115}"
vgtk,bodil/vgtk,3648,3648,100.0,1,Rust (3648),"{""Rust"": 3648}"
paste,dtolnay/paste,1399,1399,100.0,1,Rust (1399),"{""Rust"": 1399}"
byteorder,BurntSushi/byteorder,2905,2905,100.0,1,Rust (2905),"{""Rust"": 2905}"
systemctl-tui,rgwood/systemctl-tui,1962,1962,100.0,1,Rust (1962),"{""Rust"": 1962}"
vst-rs,RustAudio/vst-rs,3879,3879,100.0,1,Rust (3879),"{""Rust"": 3879}"
langchain-rust,Abraxas-365/langchain-rust,13691,13691,100.0,1,Rust (13691),"{""Rust"": 13691}"
bitflags,bitflags/bitflags,4823,4823,100.0,1,Rust (4823),"{""Rust"": 4823}"
matchbox,johanhelsing/matchbox,5504,5504,100.0,1,Rust (5504),"{""Rust"": 5504}"
rust-gc,Manishearth/rust-gc,1888,1888,100.0,1,Rust (1888),"{""Rust"": 1888}"
multi-party-ecdsa,ZenGo-X/multi-party-ecdsa,9763,9763,100.0,1,Rust (9763),"{""Rust"": 9763}"
rxRust,rxRust/rxRust,10865,10865,100.0,1,Rust (10865),"{""Rust"": 10865}"
flate2-rs,rust-lang/flate2-rs,4535,4535,100.0,1,Rust (4535),"{""Rust"": 4535}"
design-patterns-rust,fadeevab/design-patterns-rust,2562,2562,100.0,1,Rust (2562),"{""Rust"": 2562}"
termimad,Canop/termimad,7922,7922,100.0,1,Rust (7922),"{""Rust"": 7922}"
density,g1mv/density,1235,1235,100.0,1,Rust (1235),"{""Rust"": 1235}"
lemmeknow,swanandx/lemmeknow,737,737,100.0,1,Rust (737),"{""Rust"": 737}"
turmoil,tokio-rs/turmoil,6154,6154,100.0,1,Rust (6154),"{""Rust"": 6154}"
oxker,mrjackwills/oxker,12048,12048,100.0,1,Rust (12048),"{""Rust"": 12048}"
toml-rs,toml-rs/toml-rs,9722,9722,100.0,1,Rust (9722),"{""Rust"": 9722}"
solana-mev-bot,i3visio/solana-mev-bot,3838,3838,100.0,1,Rust (3838),"{""Rust"": 3838}"
lurk,JakWai01/lurk,3164,3164,100.0,1,Rust (3164),"{""Rust"": 3164}"
MIRAI,facebookexperimental/MIRAI,39458,39458,100.0,1,Rust (39458),"{""Rust"": 39458}"
dasp,RustAudio/dasp,6554,6554,100.0,1,Rust (6554),"{""Rust"": 6554}"
casbin-rs,casbin/casbin-rs,9658,9658,100.0,1,Rust (9658),"{""Rust"": 9658}"
serde-yaml,dtolnay/serde-yaml,10445,10445,100.0,1,Rust (10445),"{""Rust"": 10445}"
noise-rs,Razaekel/noise-rs,8450,8450,100.0,1,Rust (8450),"{""Rust"": 8450}"
tower,tower-rs/tower,9409,9409,100.0,1,Rust (9409),"{""Rust"": 9409}"
orbtk,redox-os/orbtk,23104,23104,100.0,1,Rust (23104),"{""Rust"": 23104}"
rust-postgres,sfackler/rust-postgres,19397,19397,100.0,1,Rust (19397),"{""Rust"": 19397}"
crossterm,crossterm-rs/crossterm,8737,8737,100.0,1,Rust (8737),"{""Rust"": 8737}"
floem,lapce/floem,47932,47932,100.0,1,Rust (47932),"{""Rust"": 47932}"
ron,ron-rs/ron,23493,23493,100.0,1,Rust (23493),"{""Rust"": 23493}"
chrono,chronotope/chrono,20197,20197,100.0,1,Rust (20197),"{""Rust"": 20197}"
dashmap,xacrimon/dashmap,3202,3202,100.0,1,Rust (3202),"{""Rust"": 3202}"
Findomain,Findomain/Findomain,2896,2896,100.0,1,Rust (2896),"{""Rust"": 2896}"
rkyv,rkyv/rkyv,25736,25736,100.0,1,Rust (25736),"{""Rust"": 25736}"
timely-dataflow,TimelyDataflow/timely-dataflow,11569,11569,100.0,1,Rust (11569),"{""Rust"": 11569}"
rls,rust-lang/rls,27521,27521,100.0,1,Rust (27521),"{""Rust"": 27521}"
too-many-lists,rust-unofficial/too-many-lists,834,834,100.0,1,Rust (834),"{""Rust"": 834}"
oxipng,oxipng/oxipng,8821,8821,100.0,1,Rust (8821),"{""Rust"": 8821}"
kube,kube-rs/kube,23925,23925,100.0,1,Rust (23925),"{""Rust"": 23925}"
racer,racer-rust/racer,16225,16225,100.0,1,Rust (16225),"{""Rust"": 16225}"
silicon,Aloxaf/silicon,1895,1895,100.0,1,Rust (1895),"{""Rust"": 1895}"
utoipa,juhaku/utoipa,35374,35374,100.0,1,Rust (35374),"{""Rust"": 35374}"
raft-rs,tikv/raft-rs,16878,16878,100.0,1,Rust (16878),"{""Rust"": 16878}"
gobang,TaKO8Ki/gobang,8024,8024,100.0,1,Rust (8024),"{""Rust"": 8024}"
parking_lot,Amanieu/parking_lot,10098,10098,100.0,1,Rust (10098),"{""Rust"": 10098}"
i3status-rust,greshake/i3status-rust,17812,17812,100.0,1,Rust (17812),"{""Rust"": 17812}"
csvlens,YS-L/csvlens,6780,6780,100.0,1,Rust (6780),"{""Rust"": 6780}"
itertools,rust-itertools/itertools,15392,15392,100.0,1,Rust (15392),"{""Rust"": 15392}"
ATAC,Julien-cpsn/ATAC,11414,11414,100.0,1,Rust (11414),"{""Rust"": 11414}"
cargo-expand,dtolnay/cargo-expand,1316,1316,100.0,1,Rust (1316),"{""Rust"": 1316}"
viu,atanunq/viu,369,369,100.0,1,Rust (369),"{""Rust"": 369}"
bastion,bastion-rs/bastion,12451,12451,100.0,1,Rust (12451),"{""Rust"": 12451}"
differential-dataflow,TimelyDataflow/differential-dataflow,29183,29183,100.0,1,Rust (29183),"{""Rust"": 29183}"
hashbrown,rust-lang/hashbrown,11679,11679,100.0,1,Rust (11679),"{""Rust"": 11679}"
flume,zesterer/flume,6026,6026,100.0,1,Rust (6026),"{""Rust"": 6026}"
inkwell,TheDan64/inkwell,22291,22291,100.0,1,Rust (22291),"{""Rust"": 22291}"
hora,hora-search/hora,4232,4232,100.0,1,Rust (4232),"{""Rust"": 4232}"
cargo-bloat,RazrFalcon/cargo-bloat,1386,1386,100.0,1,Rust (1386),"{""Rust"": 1386}"
arpchat,kognise/arpchat,976,976,100.0,1,Rust (976),"{""Rust"": 976}"
rustic,rustic-rs/rustic,9017,9017,100.0,1,Rust (9017),"{""Rust"": 9017}"
erdtree,solidiquis/erdtree,4875,4875,100.0,1,Rust (4875),"{""Rust"": 4875}"
shadow-tls,ihciah/shadow-tls,3142,3142,100.0,1,Rust (3142),"{""Rust"": 3142}"
loom,tokio-rs/loom,7038,7038,100.0,1,Rust (7038),"{""Rust"": 7038}"
fleet,suptejas/fleet,1731,1731,100.0,1,Rust (1731),"{""Rust"": 1731}"
log,rust-lang/log,3763,3763,100.0,1,Rust (3763),"{""Rust"": 3763}"
ntex,ntex-rs/ntex,60545,60545,100.0,1,Rust (60545),"{""Rust"": 60545}"
embedded-hal,rust-embedded/embedded-hal,2993,2993,100.0,1,Rust (2993),"{""Rust"": 2993}"
inquire,mikaelmello/inquire,10674,10674,100.0,1,Rust (10674),"{""Rust"": 10674}"
avian,Jondolf/avian,31487,31487,100.0,1,Rust (31487),"{""Rust"": 31487}"
validator,Keats/validator,6211,6211,100.0,1,Rust (6211),"{""Rust"": 6211}"
miette,zkat/miette,13866,13866,100.0,1,Rust (13866),"{""Rust"": 13866}"
percy,chinedufn/percy,11409,11409,100.0,1,Rust (11409),"{""Rust"": 11409}"
cargo-chef,LukeMathWalker/cargo-chef,2583,2583,100.0,1,Rust (2583),"{""Rust"": 2583}"
vega,rajasekarv/vega,11334,11334,100.0,1,Rust (11334),"{""Rust"": 11334}"
tabled,zhiburt/tabled,63763,63763,100.0,1,Rust (63763),"{""Rust"": 63763}"
river,memorysafety/river,2638,2638,100.0,1,Rust (2638),"{""Rust"": 2638}"
tabiew,shshemi/tabiew,8504,8504,100.0,1,Rust (8504),"{""Rust"": 8504}"
vnt,vnt-dev/vnt,17538,17538,100.0,1,Rust (17538),"{""Rust"": 17538}"
tokio-tungstenite,snapview/tokio-tungstenite,1506,1506,100.0,1,Rust (1506),"{""Rust"": 1506}"
scraper,rust-scraper/scraper,1783,1783,100.0,1,Rust (1783),"{""Rust"": 1783}"
may,Xudong-Huang/may,15497,15497,100.0,1,Rust (15497),"{""Rust"": 15497}"
tungstenite-rs,snapview/tungstenite-rs,4903,4903,100.0,1,Rust (4903),"{""Rust"": 4903}"
BetterNCM-Installer,std-microblock/BetterNCM-Installer,6779,6779,100.0,1,Rust (6779),"{""Rust"": 6779}"
ytop,cjbassi/ytop,2175,2175,100.0,1,Rust (2175),"{""Rust"": 2175}"
indexmap,indexmap-rs/indexmap,10704,10704,100.0,1,Rust (10704),"{""Rust"": 10704}"
strum,Peternator7/strum,4969,4969,100.0,1,Rust (4969),"{""Rust"": 4969}"
Krakatau,Storyyeller/Krakatau,6820,6820,100.0,1,Rust (6820),"{""Rust"": 6820}"
hashes,RustCrypto/hashes,17369,17369,100.0,1,Rust (17369),"{""Rust"": 17369}"
bytes,tokio-rs/bytes,6993,6993,100.0,1,Rust (6993),"{""Rust"": 6993}"
moka,moka-rs/moka,23485,23485,100.0,1,Rust (23485),"{""Rust"": 23485}"
linkerd2-proxy,linkerd/linkerd2-proxy,74869,74869,100.0,1,Rust (74869),"{""Rust"": 74869}"
glutin,rust-windowing/glutin,8637,8637,100.0,1,Rust (8637),"{""Rust"": 8637}"
rodio,RustAudio/rodio,10369,10369,100.0,1,Rust (10369),"{""Rust"": 10369}"
async-trait,dtolnay/async-trait,2445,2445,100.0,1,Rust (2445),"{""Rust"": 2445}"
cargo-deny,EmbarkStudios/cargo-deny,14457,14457,100.0,1,Rust (14457),"{""Rust"": 14457}"
ariadne,zesterer/ariadne,2800,2800,100.0,1,Rust (2800),"{""Rust"": 2800}"
lazy-static.rs,rust-lang-nursery/lazy-static.rs,336,336,100.0,1,Rust (336),"{""Rust"": 336}"
cacao,ryanmcgrath/cacao,14953,14953,100.0,1,Rust (14953),"{""Rust"": 14953}"
once_cell,matklad/once_cell,2382,2382,100.0,1,Rust (2382),"{""Rust"": 2382}"
left-right,jonhoo/left-right,1029,1029,100.0,1,Rust (1029),"{""Rust"": 1029}"
calamine,tafia/calamine,11260,11260,100.0,1,Rust (11260),"{""Rust"": 11260}"
awesome-rust,rust-unofficial/awesome-rust,270,270,100.0,1,Rust (270),"{""Rust"": 270}"
meilisearch,meilisearch/meilisearch,171385,171385,100.0,1,Rust (171385),"{""Rust"": 171385}"
tokio,tokio-rs/tokio,87138,87138,100.0,1,Rust (87138),"{""Rust"": 87138}"
Rust,TheAlgorithms/Rust,31528,31528,100.0,1,Rust (31528),"{""Rust"": 31528}"
pingora,cloudflare/pingora,41130,41130,100.0,1,Rust (41130),"{""Rust"": 41130}"
Bend,HigherOrderCO/Bend,14274,14274,100.0,1,Rust (14274),"{""Rust"": 14274}"
spotify-tui,Rigellute/spotify-tui,10824,10824,100.0,1,Rust (10824),"{""Rust"": 10824}"
universal-android-debloater,0x192/universal-android-debloater,3827,3827,100.0,1,Rust (3827),"{""Rust"": 3827}"
rayon,rayon-rs/rayon,28032,28032,100.0,1,Rust (28032),"{""Rust"": 28032}"
edit,microsoft/edit,17402,17402,100.0,1,Rust (17402),"{""Rust"": 17402}"
gping,orf/gping,1470,1470,100.0,1,Rust (1470),"{""Rust"": 1470}"
rathole,rathole-org/rathole,3679,3679,100.0,1,Rust (3679),"{""Rust"": 3679}"
bandwhich,imsnif/bandwhich,4479,4479,100.0,1,Rust (4479),"{""Rust"": 4479}"
tui-rs,fdehau/tui-rs,17402,17402,100.0,1,Rust (17402),"{""Rust"": 17402}"
spotifyd,Spotifyd/spotifyd,2700,2700,100.0,1,Rust (2700),"{""Rust"": 2700}"
warp,seanmonstar/warp,9305,9305,100.0,1,Rust (9305),"{""Rust"": 9305}"
serde,serde-rs/serde,31581,31581,100.0,1,Rust (31581),"{""Rust"": 31581}"
hexyl,sharkdp/hexyl,2580,2580,100.0,1,Rust (2580),"{""Rust"": 2580}"
nom,rust-bakery/nom,17650,17650,100.0,1,Rust (17650),"{""Rust"": 17650}"
min-sized-rust,johnthagen/min-sized-rust,79,79,100.0,1,Rust (79),"{""Rust"": 79}"
psst,jpochyla/psst,21562,21562,100.0,1,Rust (21562),"{""Rust"": 21562}"
actix,actix/actix,8973,8973,100.0,1,Rust (8973),"{""Rust"": 8973}"
100-exercises-to-learn-rust,mainmatter/100-exercises-to-learn-rust,4652,4652,100.0,1,Rust (4652),"{""Rust"": 4652}"
websocat,vi/websocat,10060,10060,100.0,1,Rust (10060),"{""Rust"": 10060}"
youki,youki-dev/youki,34354,34354,100.0,1,Rust (34354),"{""Rust"": 34354}"
iroh,n0-computer/iroh,29822,29822,100.0,1,Rust (29822),"{""Rust"": 29822}"
anyhow,dtolnay/anyhow,4302,4302,100.0,1,Rust (4302),"{""Rust"": 4302}"
pastel,sharkdp/pastel,5737,5737,100.0,1,Rust (5737),"{""Rust"": 5737}"
futures-rs,rust-lang/futures-rs,29870,29870,100.0,1,Rust (29870),"{""Rust"": 29870}"
jnv,ynqa/jnv,1893,1893,100.0,1,Rust (1893),"{""Rust"": 1893}"
flamegraph,flamegraph-rs/flamegraph,427,427,100.0,1,Rust (427),"{""Rust"": 427}"
image,image-rs/image,28033,28033,100.0,1,Rust (28033),"{""Rust"": 28033}"
json,serde-rs/json,16434,16434,100.0,1,Rust (16434),"{""Rust"": 16434}"
tealdeer,tealdeer-rs/tealdeer,2935,2935,100.0,1,Rust (2935),"{""Rust"": 2935}"
WASI,WebAssembly/WASI,5357,5357,100.0,1,Rust (5357),"{""Rust"": 5357}"
tide,http-rs/tide,5022,5022,100.0,1,Rust (5022),"{""Rust"": 5022}"
jless,PaulJuliusMartinez/jless,8597,8597,100.0,1,Rust (8597),"{""Rust"": 8597}"
thiserror,dtolnay/thiserror,4192,4192,100.0,1,Rust (4192),"{""Rust"": 4192}"
indicatif,console-rs/indicatif,6801,6801,100.0,1,Rust (6801),"{""Rust"": 6801}"
leo,ProvableHQ/leo,36238,36238,100.0,1,Rust (36238),"{""Rust"": 36238}"
rhai,rhaiscript/rhai,53091,53091,100.0,1,Rust (53091),"{""Rust"": 53091}"
rapier,dimforge/rapier,40452,40452,100.0,1,Rust (40452),"{""Rust"": 40452}"
webrtc,webrtc-rs/webrtc,115730,115730,100.0,1,Rust (115730),"{""Rust"": 115730}"
monoio,bytedance/monoio,21934,21934,100.0,1,Rust (21934),"{""Rust"": 21934}"
proc-macro-workshop,dtolnay/proc-macro-workshop,789,789,100.0,1,Rust (789),"{""Rust"": 789}"
quinn,quinn-rs/quinn,30795,30795,100.0,1,Rust (30795),"{""Rust"": 30795}"
smol,smol-rs/smol,1085,1085,100.0,1,Rust (1085),"{""Rust"": 1085}"
mini-redis,tokio-rs/mini-redis,2049,2049,100.0,1,Rust (2049),"{""Rust"": 2049}"
plotters,plotters-rs/plotters,18280,18280,100.0,1,Rust (18280),"{""Rust"": 18280}"
async-std,async-rs/async-std,15497,15497,100.0,1,Rust (15497),"{""Rust"": 15497}"
svgbob,ivanceras/svgbob,9358,9358,100.0,1,Rust (9358),"{""Rust"": 9358}"
ndarray,rust-ndarray/ndarray,30234,30234,100.0,1,Rust (30234),"{""Rust"": 30234}"
