name,SLOC,Category,Languages
windows-rs,2238376,Very Large,Rust (2238376)
rusoto,1133712,Very Large,Rust (1133712)
polkadot-sdk,1072116,Very Large,Rust (1072116)
typos,1009632,Very Large,Rust (1009632)
rustc_codegen_clr,601618,Large,Rust (601618)
swc,591481,Large,Rust (591481)
iced,583064,Large,Rust (583064)
databend,575814,Large,Rust (575814)
risingwave,540441,Large,Rust (540441)
pgvecto.rs,501120,Large,Rust (501120)
jito-solana,495433,Large,Rust (495433)
wasmtime,485142,Large,Rust (485142)
solana,452924,Large,Rust (452924)
datafusion,431361,Large,Rust (431361)
union,416383,Large,Rust (416383)
greptimedb,415173,Large,Rust (415173)
substrate,407460,Large,Rust (407460)
oxc,404929,Large,Rust (404929)
pgrx,388937,Large,Rust (388937)
rust,379982,Large,Rust (379982)
wezterm,379662,Large,Rust (379662)
csbindgen,376241,Large,Rust (376241)
artemis,363383,Large,Rust (363383)
rustybox,361602,Large,Rust (361602)
tfhe-rs,360566,Large,Rust (360566)
polars,333324,Large,Rust (333324)
bevy,332642,Large,Rust (332642)
nearcore,329892,Large,Rust (329892)
stdarch,327983,Large,Rust (327983)
prisma-engines,327505,Large,Rust (327505)
veloren,324803,Large,Rust (324803)
diem,323590,Large,Rust (323590)
rivet,319943,Large,Rust (319943)
roc,289758,Large,Rust (289758)
atsamd,286797,Large,Rust (286797)
qsharp,275272,Large,Rust (275272)
Leafish,271890,Large,Rust (271890)
si,263196,Large,Rust (263196)
nym,260203,Large,Rust (260203)
conflux-rust,258452,Large,Rust (258452)
wasm-bindgen,251487,Large,Rust (251487)
arrow-rs,250425,Large,Rust (250425)
ZLUDA,246460,Large,Rust (246460)
whitebox-tools,242395,Large,Rust (242395)
lighthouse,242366,Large,Rust (242366)
reth,241658,Large,Rust (241658)
convex-backend,238186,Large,Rust (238186)
wasmer,236671,Large,Rust (236671)
stalwart,234958,Large,Rust (234958)
rust-brotli,234603,Large,Rust (234603)
neon,229848,Large,Rust (229848)
bite,229412,Large,Rust (229412)
namada,222470,Large,Rust (222470)
matrix-rust-sdk,221167,Large,Rust (221167)
qdrant,218085,Large,Rust (218085)
nautilus_trader,217594,Large,Rust (217594)
tock,216259,Large,Rust (216259)
gtk4-rs,215007,Large,Rust (215007)
cube,213833,Large,Rust (213833)
vulkano,213662,Large,Rust (213662)
quickwit,211449,Large,Rust (211449)
noir,209656,Large,Rust (209656)
azul,209549,Large,Rust (209549)
openobserve,208760,Large,Rust (208760)
Fyrox,207956,Large,Rust (207956)
opencv-rust,206119,Large,Rust (206119)
icu4x,204107,Large,Rust (204107)
grafbase,202173,Large,Rust (202173)
polkadot,200292,Large,Rust (200292)
surrealdb,198659,Large,Rust (198659)
winapi-rs,196758,Large,Rust (196758)
rust-lightning,194405,Large,Rust (194405)
tensorbase,193784,Large,Rust (193784)
s2n-quic,193637,Large,Rust (193637)
feldera,190552,Large,Rust (190552)
ruffle,187365,Large,Rust (187365)
veryl,187276,Large,Rust (187276)
burn,184632,Large,Rust (184632)
rust-clippy,182111,Large,Rust (182111)
lance,182001,Large,Rust (182001)
cudarc,181247,Large,Rust (181247)
move,180431,Large,Rust (180431)
cairo,180018,Large,Rust (180018)
glam-rs,177377,Large,Rust (177377)
pathfinder,177258,Large,Rust (177258)
fhevm,176930,Large,Rust (176930)
firefly,176424,Large,Rust (176424)
embassy,175422,Large,Rust (175422)
taffy,173595,Large,Rust (173595)
snarkVM,172831,Large,Rust (172831)
meilisearch,171383,Large,Rust (171383)
fontations,171342,Large,Rust (171342)
amazon-q-developer-cli,168621,Large,Rust (168621)
zellij,163737,Large,Rust (163737)
mobilecoin,162224,Large,Rust (162224)
ckb,162195,Large,Rust (162195)
elliptic-curves,161078,Large,Rust (161078)
restate,160914,Large,Rust (160914)
slint,159211,Large,Rust (159211)
prusti-dev,158485,Large,Rust (158485)
kata-containers,155274,Large,Rust (155274)
gleam,154990,Large,Rust (154990)
LibAFL,153627,Large,Rust (153627)
kanidm,153444,Large,Rust (153444)
zerocopy,152045,Large,Rust (152045)
coreutils,151964,Large,Rust (151964)
spiceai,149026,Large,Rust (149026)
application-services,148688,Large,Rust (148688)
progenitor,148383,Large,Rust (148383)
candle,146291,Large,Rust (146291)
turso,144146,Large,Rust (144146)
cedar,143582,Large,Rust (143582)
foundry,142363,Large,Rust (142363)
stract,142071,Large,Rust (142071)
baml,141903,Large,Rust (141903)
fuel-core,141573,Large,Rust (141573)
solang,140692,Large,Rust (140692)
SpacetimeDB,140419,Large,Rust (140419)
tensorzero,139889,Large,Rust (139889)
tract,138664,Large,Rust (138664)
starcoin,138054,Large,Rust (138054)
mistral.rs,137581,Large,Rust (137581)
graph-node,137379,Large,Rust (137379)
ockam,137010,Large,Rust (137010)
openethereum,136905,Large,Rust (136905)
vizia,136316,Large,Rust (136316)
indy-sdk,135409,Large,Rust (135409)
rio,134683,Large,Rust (134683)
ash,133717,Large,Rust (133717)
wasm-tools,132025,Large,Rust (132025)
rune,131722,Large,Rust (131722)
DragonOS,128569,Large,Rust (128569)
vortex,127669,Large,Rust (127669)
linera-protocol,126622,Large,Rust (126622)
rusty-kaspa,126172,Large,Rust (126172)
rbspy,123979,Large,Rust (123979)
joystream,122921,Large,Rust (122921)
rafx,122859,Large,Rust (122859)
quadratic,121541,Large,Rust (121541)
chroma,120921,Large,Rust (120921)
iceoryx2,120369,Large,Rust (120369)
feather,118220,Large,Rust (118220)
incubator-teaclave-sgx-sdk,117842,Large,Rust (117842)
RustPython,117802,Large,Rust (117802)
libc,117469,Large,Rust (117469)
darkfi,117449,Large,Rust (117449)
esp-hal,117291,Large,Rust (117291)
asterinas,116872,Large,Rust (116872)
solana-playground,116382,Large,Rust (116382)
kcl,115958,Large,Rust (115958)
webrtc,115729,Large,Rust (115729)
zaplib,115601,Large,Rust (115601)
glaredb,115198,Large,Rust (115198)
rustrogueliketutorial,114315,Large,Rust (114315)
smithy-rs,113177,Large,Rust (113177)
nova,112676,Large,Rust (112676)
rustfs,112449,Large,Rust (112449)
chromiumoxide,112194,Large,Rust (112194)
rocketmq-rust,112191,Large,Rust (112191)
martypc,111110,Large,Rust (111110)
libsignal,108996,Large,Rust (108996)
zksync,108731,Large,Rust (108731)
rustdesk,105514,Large,Rust (105514)
Pumpkin,105226,Large,Rust (105226)
elasticsearch-rs,104419,Large,Rust (104419)
sidecar,103896,Large,Rust (103896)
abstreet,103664,Large,Rust (103664)
hubris,103239,Large,Rust (103239)
mullvadvpn-app,102847,Large,Rust (102847)
iggy,102690,Large,Rust (102690)
webrender,102285,Large,Rust (102285)
fluvio,102265,Large,Rust (102265)
gitbutler,101165,Large,Rust (101165)
cubecl,99846,Medium,Rust (99846)
loro,99720,Medium,Rust (99720)
sp1,99030,Medium,Rust (99030)
fedimint,97854,Medium,Rust (97854)
cloud-hypervisor,97343,Medium,Rust (97343)
ndk,97212,Medium,Rust (97212)
massa,97099,Medium,Rust (97099)
starlark-rust,95813,Medium,Rust (95813)
pavex,95518,Medium,Rust (95518)
tantivy,95448,Medium,Rust (95448)
Graphite,95233,Medium,Rust (95233)
diesel,94907,Medium,Rust (94907)
chirpstack,94830,Medium,Rust (94830)
zkevm-circuits,94699,Medium,Rust (94699)
forest,93961,Medium,Rust (93961)
leptos,93036,Medium,Rust (93036)
dioxus,92423,Medium,Rust (92423)
c2rust,91748,Medium,Rust (91748)
lightningcss,90575,Medium,Rust (90575)
rust-libp2p,89656,Medium,Rust (89656)
noodles,89490,Medium,Rust (89490)
shadowsocks-rust,89045,Medium,Rust (89045)
Acala,88361,Medium,Rust (88361)
probe-rs,87435,Medium,Rust (87435)
tokio,87138,Medium,Rust (87138)
imgui-rs,87084,Medium,Rust (87084)
dynamo,86785,Medium,Rust (86785)
thorium,86471,Medium,Rust (86471)
tch-rs,86341,Medium,Rust (86341)
shadow,85878,Medium,Rust (85878)
opendal,85844,Medium,Rust (85844)
code,84261,Medium,Rust (84261)
wasmCloud,83742,Medium,Rust (83742)
core,83653,Medium,Rust (83653)
kani,83414,Medium,Rust (83414)
arrow2,83236,Medium,Rust (83236)
AppFlowy-Cloud,83130,Medium,Rust (83130)
smithay,82643,Medium,Rust (82643)
datafusion-sqlparser-rs,82239,Medium,Rust (82239)
qsv,82067,Medium,Rust (82067)
ruma,81771,Medium,Rust (81771)
async-stripe,81404,Medium,Rust (81404)
cumulus,81245,Medium,Rust (81245)
sxt-proof-of-sql,81245,Medium,Rust (81245)
twilight,80502,Medium,Rust (80502)
tmux-rs,79419,Medium,Rust (79419)
hickory-dns,78930,Medium,Rust (78930)
doukutsu-rs,78625,Medium,Rust (78625)
egui,77450,Medium,Rust (77450)
sail,77403,Medium,Rust (77403)
aya,77133,Medium,Rust (77133)
pyo3,76914,Medium,Rust (76914)
rustgym,76894,Medium,Rust (76894)
iceberg-rust,76807,Medium,Rust (76807)
IronRDP,76568,Medium,Rust (76568)
evil-helix,76350,Medium,Rust (76350)
hydro,76214,Medium,Rust (76214)
exonum,76204,Medium,Rust (76204)
rust_os,75702,Medium,Rust (75702)
helix,75515,Medium,Rust (75515)
juniper,75339,Medium,Rust (75339)
robustmq,75244,Medium,Rust (75244)
linkerd2-proxy,74885,Medium,Rust (74885)
quiche,74805,Medium,Rust (74805)
gluesql,74640,Medium,Rust (74640)
fish-shell,74467,Medium,Rust (74467)
miden-vm,74358,Medium,Rust (74358)
uiua,73155,Medium,Rust (73155)
brontes,72959,Medium,Rust (72959)
faer-rs,72524,Medium,Rust (72524)
azure-sdk-for-rust,71700,Medium,Rust (71700)
goose,71144,Medium,Rust (71144)
mirrord,70606,Medium,Rust (70606)
dozer,70205,Medium,Rust (70205)
genshin_artifact,69985,Medium,Rust (69985)
neqo,69186,Medium,Rust (69186)
miri,68983,Medium,Rust (68983)
flux,68766,Medium,Rust (68766)
inko,68714,Medium,Rust (68714)
artichoke,68647,Medium,Rust (68647)
Theseus,68640,Medium,Rust (68640)
symbolica,68620,Medium,Rust (68620)
rust-bindgen,68381,Medium,Rust (68381)
cozo,67852,Medium,Rust (67852)
oak,67667,Medium,Rust (67667)
iced,67526,Medium,Rust (67526)
rustfmt,67389,Medium,Rust (67389)
gritql,67183,Medium,Rust (67183)
steel,67030,Medium,Rust (67030)
mayastor,66720,Medium,Rust (66720)
fltk-rs,66571,Medium,Rust (66571)
mongo-rust-driver,66542,Medium,Rust (66542)
qlty,66488,Medium,Rust (66488)
edge-runtime,66120,Medium,Rust (66120)
ethers-rs,64836,Medium,Rust (64836)
meteroid,64683,Medium,Rust (64683)
stc,64458,Medium,Rust (64458)
tabled,63763,Medium,Rust (63763)
alloy,63534,Medium,Rust (63534)
cosmwasm,63418,Medium,Rust (63418)
solana-program-library,63110,Medium,Rust (63110)
numaflow,62834,Medium,Rust (62834)
trieve,62659,Medium,Rust (62659)
niri,62171,Medium,Rust (62171)
scylla-rust-driver,62133,Medium,Rust (62133)
mountpoint-s3,62031,Medium,Rust (62031)
nydus,61949,Medium,Rust (61949)
rustybuzz,61820,Medium,Rust (61820)
jolt,61577,Medium,Rust (61577)
markdown-rs,61337,Medium,Rust (61337)
lapce,61184,Medium,Rust (61184)
libkrun,61117,Medium,Rust (61117)
jiff,61023,Medium,Rust (61023)
nalgebra,60977,Medium,Rust (60977)
rustix,60574,Medium,Rust (60574)
ord,60315,Medium,Rust (60315)
nativelink,60247,Medium,Rust (60247)
delta-rs,59885,Medium,Rust (59885)
freya,59814,Medium,Rust (59814)
gfx,59365,Medium,Rust (59365)
freenet-core,59332,Medium,Rust (59332)
syn,58697,Medium,Rust (58697)
gdext,58381,Medium,Rust (58381)
Astar,58360,Medium,Rust (58360)
tinymist,58338,Medium,Rust (58338)
openmls,58129,Medium,Rust (58129)
nickel,57951,Medium,Rust (57951)
clap,57859,Medium,Rust (57859)
ink,57837,Medium,Rust (57837)
nexus-zkvm,57475,Medium,Rust (57475)
ros2_rust,57228,Medium,Rust (57228)
scryer-prolog,57017,Medium,Rust (57017)
lambdaworks,56873,Medium,Rust (56873)
gpui-component,56841,Medium,Rust (56841)
ringrtc,56480,Medium,Rust (56480)
capnproto-rust,55970,Medium,Rust (55970)
async-graphql,55663,Medium,Rust (55663)
sqlx,55655,Medium,Rust (55655)
lakekeeper,55622,Medium,Rust (55622)
rustls,55234,Medium,Rust (55234)
cosmic-comp,55117,Medium,Rust (55117)
actix-web,55016,Medium,Rust (55016)
salvo,54918,Medium,Rust (54918)
metaplex-program-library,54666,Medium,Rust (54666)
sea-orm,54503,Medium,Rust (54503)
quary,54331,Medium,Rust (54331)
EasyTier,54331,Medium,Rust (54331)
rolldown,54005,Medium,Rust (54005)
floneum,53907,Medium,Rust (53907)
allsorts,53833,Medium,Rust (53833)
objc2,53648,Medium,Rust (53648)
paradedb,53245,Medium,Rust (53245)
rust-bert,52979,Medium,Rust (52979)
rayhunter,52940,Medium,Rust (52940)
samply,52900,Medium,Rust (52900)
distant,52726,Medium,Rust (52726)
creusot,52664,Medium,Rust (52664)
Egregoria,52573,Medium,Rust (52573)
mun,52544,Medium,Rust (52544)
postgres-language-server,52461,Medium,Rust (52461)
rust-sdl2,52232,Medium,Rust (52232)
deep-prove,51369,Medium,Rust (51369)
lyon,51064,Medium,Rust (51064)
rig,51039,Medium,Rust (51039)
flipperzero-rs,50959,Medium,Rust (50959)
valence,50705,Medium,Rust (50705)
lightyear,50518,Medium,Rust (50518)
git-branchless,50299,Medium,Rust (50299)
rust-bitcoin,50295,Medium,Rust (50295)
ipc-channel,50195,Medium,Rust (50195)
py-spy,49868,Medium,Rust (49868)
druid,49705,Medium,Rust (49705)
rust-protobuf,49307,Medium,Rust (49307)
wasmi,49117,Medium,Rust (49117)
glow,49015,Medium,Rust (49015)
hurl,48927,Medium,Rust (48927)
RustFFT,48855,Medium,Rust (48855)
codex,48808,Medium,Rust (48808)
stratisd,48751,Medium,Rust (48751)
nannou,48723,Medium,Rust (48723)
object,48559,Medium,Rust (48559)
tquic,48279,Medium,Rust (48279)
farm,48160,Medium,Rust (48160)
IronCalc,48155,Medium,Rust (48155)
rune,48098,Medium,Rust (48098)
PyOxidizer,48087,Medium,Rust (48087)
floem,47899,Medium,Rust (47899)
ratatui,47820,Medium,Rust (47820)
Rust-CUDA,47773,Medium,Rust (47773)
skytable,47282,Medium,Rust (47282)
tendermint-rs,47191,Medium,Rust (47191)
grin,47094,Medium,Rust (47094)
gosub-engine,46993,Medium,Rust (46993)
openvas-scanner,46937,Medium,Rust (46937)
Ribir,46733,Medium,Rust (46733)
refact,46708,Medium,Rust (46708)
ezno,46601,Medium,Rust (46601)
occlum,46503,Medium,Rust (46503)
pyrometer,46434,Medium,Rust (46434)
koto,46316,Medium,Rust (46316)
below,46261,Medium,Rust (46261)
touchHLE,45974,Medium,Rust (45974)
rust-gpu,45730,Medium,Rust (45730)
retrowin32,45395,Medium,Rust (45395)
Xline,45327,Medium,Rust (45327)
deno_lint,45236,Medium,Rust (45236)
bonsaidb,44926,Medium,Rust (44926)
cxx-qt,44709,Medium,Rust (44709)
smoltcp,44597,Medium,Rust (44597)
gossip,44499,Medium,Rust (44499)
rnote,44475,Medium,Rust (44475)
termusic,44433,Medium,Rust (44433)
pushpin,44076,Medium,Rust (44076)
winit,44058,Medium,Rust (44058)
crates.io,44006,Medium,Rust (44006)
frontier,43873,Medium,Rust (43873)
videocall-rs,43770,Medium,Rust (43770)
xilem,43743,Medium,Rust (43743)
halloy,43742,Medium,Rust (43742)
Plonky3,43691,Medium,Rust (43691)
terminator,43303,Medium,Rust (43303)
LocustDB,43288,Medium,Rust (43288)
parry,43202,Medium,Rust (43202)
core,43070,Medium,Rust (43070)
xan,42875,Medium,Rust (42875)
amethyst,42612,Medium,Rust (42612)
tailcall,42021,Medium,Rust (42021)
datafusion-comet,41901,Medium,Rust (41901)
tracing,41876,Medium,Rust (41876)
gimli,41719,Medium,Rust (41719)
nox,41498,Medium,Rust (41498)
geo,41443,Medium,Rust (41443)
comrak,41275,Medium,Rust (41275)
vello,41130,Medium,Rust (41130)
pingora,41130,Medium,Rust (41130)
akula,41107,Medium,Rust (41107)
kanata,40982,Medium,Rust (40982)
clash-rs,40757,Medium,Rust (40757)
tabby,40738,Medium,Rust (40738)
memchr,40722,Medium,Rust (40722)
noita_entangled_worlds,40658,Medium,Rust (40658)
rapier,40452,Medium,Rust (40452)
ezkl,40371,Medium,Rust (40371)
chalk,40357,Medium,Rust (40357)
serenity,40346,Medium,Rust (40346)
pathfinder,40262,Medium,Rust (40262)
yew,40081,Medium,Rust (40081)
parity-signer,40050,Medium,Rust (40050)
rmqtt,39962,Medium,Rust (39962)
Rocket,39960,Medium,Rust (39960)
rpgp,39862,Medium,Rust (39862)
y-crdt,39818,Medium,Rust (39818)
cushy,39792,Medium,Rust (39792)
cwe_checker,39701,Medium,Rust (39701)
rusqlite,39615,Medium,Rust (39615)
rslint,39589,Medium,Rust (39589)
obliteration,39549,Medium,Rust (39549)
zCore,39478,Medium,Rust (39478)
MIRAI,39458,Medium,Rust (39458)
teloxide,39361,Medium,Rust (39361)
starship,39351,Medium,Rust (39351)
glium,39348,Medium,Rust (39348)
openraft,39091,Medium,Rust (39091)
gitui,38913,Medium,Rust (38913)
parseable,38754,Medium,Rust (38754)
grpc-rs,38636,Medium,Rust (38636)
palette,38182,Medium,Rust (38182)
webauthn-rs,38151,Medium,Rust (38151)
RapidRAW,37942,Medium,Rust (37942)
rust-skia,37920,Medium,Rust (37920)
kftray,37783,Medium,Rust (37783)
zino,37649,Medium,Rust (37649)
arbiter,37563,Medium,Rust (37563)
libcosmic,37501,Medium,Rust (37501)
rp-hal,37489,Medium,Rust (37489)
sccache,37416,Medium,Rust (37416)
argmin,37373,Medium,Rust (37373)
forge,37298,Medium,Rust (37298)
rmpc,37197,Medium,Rust (37197)
rust-openssl,36951,Medium,Rust (36951)
kas,36653,Medium,Rust (36653)
plonky2,36642,Medium,Rust (36642)
halo2,36572,Medium,Rust (36572)
fuels-rs,36321,Medium,Rust (36321)
pxp,36264,Medium,Rust (36264)
r-nacos,36094,Medium,Rust (36094)
algebra,36055,Medium,Rust (36055)
notecalc3,36055,Medium,Rust (36055)
naia,36029,Medium,Rust (36029)
bracket-lib,35987,Medium,Rust (35987)
slatedb,35948,Medium,Rust (35948)
noosphere,35936,Medium,Rust (35936)
stevenarella,35861,Medium,Rust (35861)
start-os,35794,Medium,Rust (35794)
just,35746,Medium,Rust (35746)
rust-gpu,35543,Medium,Rust (35543)
trailbase,35523,Medium,Rust (35523)
mycelium,35492,Medium,Rust (35492)
utoipa,35374,Medium,Rust (35374)
toml,35120,Medium,Rust (35120)
KiteSQL,35118,Medium,Rust (35118)
leo,35097,Medium,Rust (35097)
pest,35085,Medium,Rust (35085)
sozu,34926,Medium,Rust (34926)
datenlord,34883,Medium,Rust (34883)
pagefind,34656,Medium,Rust (34656)
bazuka,34633,Medium,Rust (34633)
nix,34556,Medium,Rust (34556)
pgdog,34448,Medium,Rust (34448)
quilkin,34442,Medium,Rust (34442)
youki,34353,Medium,Rust (34353)
wild,34200,Medium,Rust (34200)
revm,34136,Medium,Rust (34136)
quick-xml,34129,Medium,Rust (34129)
volo,34065,Medium,Rust (34065)
Symphonia,34041,Medium,Rust (34041)
auron,34031,Medium,Rust (34031)
LibreQoS,33966,Medium,Rust (33966)
komorebi,33925,Medium,Rust (33925)
buttplug,33795,Medium,Rust (33795)
BugStalker,33725,Medium,Rust (33725)
apple-platform-rs,33590,Medium,Rust (33590)
yazi,33588,Medium,Rust (33588)
postgresml,33488,Medium,Rust (33488)
rustworkx,33283,Medium,Rust (33283)
git-interactive-rebase-tool,33262,Medium,Rust (33262)
uefi-rs,33240,Medium,Rust (33240)
kernel,33175,Medium,Rust (33175)
luminal,32941,Medium,Rust (32941)
dfdx,32808,Medium,Rust (32808)
time,32805,Medium,Rust (32805)
maestro,32680,Medium,Rust (32680)
espanso,32655,Medium,Rust (32655)
winnow,32582,Medium,Rust (32582)
spyglass,32494,Medium,Rust (32494)
termscp,32441,Medium,Rust (32441)
gauntlet,32401,Medium,Rust (32401)
dora,32347,Medium,Rust (32347)
tonic,32347,Medium,Rust (32347)
sudo-rs,32309,Medium,Rust (32309)
nats.rs,32252,Medium,Rust (32252)
OpenSK,32251,Medium,Rust (32251)
rustup,32146,Medium,Rust (32146)
stremio-core,32137,Medium,Rust (32137)
napi-rs,31822,Medium,Rust (31822)
serde,31574,Medium,Rust (31574)
aidoku-community-sources,31569,Medium,Rust (31569)
Rust,31528,Medium,Rust (31528)
hyperlight,31514,Medium,Rust (31514)
avian,31482,Medium,Rust (31482)
texlab,31417,Medium,Rust (31417)
rusty_v8,31386,Medium,Rust (31386)
rquickjs,31365,Medium,Rust (31365)
rmk,31298,Medium,Rust (31298)
egglog,31273,Medium,Rust (31273)
corrosion,31181,Medium,Rust (31181)
glommio,31107,Medium,Rust (31107)
askama,31045,Medium,Rust (31045)
bloop,30950,Medium,Rust (30950)
stm32f4xx-hal,30901,Medium,Rust (30901)
curve25519-dalek,30834,Medium,Rust (30834)
quinn,30784,Medium,Rust (30784)
kernel,30747,Medium,Rust (30747)
autocxx,30668,Medium,Rust (30668)
proto,30503,Medium,Rust (30503)
helix-db,30451,Medium,Rust (30451)
pods,30443,Medium,Rust (30443)
goxlr-utility,30416,Medium,Rust (30416)
enarx,30291,Medium,Rust (30291)
nih-plug,30253,Medium,Rust (30253)
ndarray,30234,Medium,Rust (30234)
tokenizers,29975,Medium,Rust (29975)
imageflow,29941,Medium,Rust (29941)
cap-std,29901,Medium,Rust (29901)
futures-rs,29870,Medium,Rust (29870)
iroh,29822,Medium,Rust (29822)
imessage-exporter,29687,Medium,Rust (29687)
gyroflow,29678,Medium,Rust (29678)
crossbeam,29552,Medium,Rust (29552)
slumber,29546,Medium,Rust (29546)
snarkOS,29453,Medium,Rust (29453)
bollard,29404,Medium,Rust (29404)
derive_more,29386,Medium,Rust (29386)
ALVR,29283,Medium,Rust (29283)
wit-bindgen,29281,Medium,Rust (29281)
barter-rs,29183,Medium,Rust (29183)
differential-dataflow,29183,Medium,Rust (29183)
conrod,29123,Medium,Rust (29123)
rust-rosetta,29100,Medium,Rust (29100)
axum,29018,Medium,Rust (29018)
dynasm-rs,28884,Medium,Rust (28884)
backend,28881,Medium,Rust (28881)
czkawka,28836,Medium,Rust (28836)
phira,28761,Medium,Rust (28761)
demikernel,28663,Medium,Rust (28663)
nanocl,28626,Medium,Rust (28626)
sea-query,28617,Medium,Rust (28617)
swift-bridge,28614,Medium,Rust (28614)
lux,28557,Medium,Rust (28557)
copper-rs,28459,Medium,Rust (28459)
shipyard,28457,Medium,Rust (28457)
chiselstrike,28446,Medium,Rust (28446)
pulldown-cmark,28427,Medium,Rust (28427)
similarity,28413,Medium,Rust (28413)
broot,28279,Medium,Rust (28279)
bootc,28271,Medium,Rust (28271)
Coerce-rs,28241,Medium,Rust (28241)
vim-clap,28207,Medium,Rust (28207)
rustc_codegen_gcc,28181,Medium,Rust (28181)
rayon,28032,Medium,Rust (28032)
mlua,27946,Medium,Rust (27946)
loco,27899,Medium,Rust (27899)
rqbit,27854,Medium,Rust (27854)
etl,27771,Medium,Rust (27771)
jsr,27666,Medium,Rust (27666)
facet,27597,Medium,Rust (27597)
rls,27521,Medium,Rust (27521)
petgraph,27521,Medium,Rust (27521)
undermoon,27497,Medium,Rust (27497)
rust_serialization_benchmark,27456,Medium,Rust (27456)
trustfall,27258,Medium,Rust (27258)
tao,27120,Medium,Rust (27120)
reverie,27096,Medium,Rust (27096)
bevy_hanabi,27065,Medium,Rust (27065)
datafusion-ballista,27064,Medium,Rust (27064)
oso,27016,Medium,Rust (27016)
landscape,26965,Medium,Rust (26965)
h2,26955,Medium,Rust (26955)
oreboot,26946,Medium,Rust (26946)
redb,26906,Medium,Rust (26906)
cyme,26893,Medium,Rust (26893)
serde_with,26760,Medium,Rust (26760)
ntpd-rs,26628,Medium,Rust (26628)
LlamaEdge,26555,Medium,Rust (26555)
flapigen-rs,26536,Medium,Rust (26536)
OxiCloud,26433,Medium,Rust (26433)
aero,26425,Medium,Rust (26425)
typify,26408,Medium,Rust (26408)
orion,26390,Medium,Rust (26390)
salsa,26328,Medium,Rust (26328)
rumqtt,26229,Medium,Rust (26229)
ast-grep,26206,Medium,Rust (26206)
ad,26158,Medium,Rust (26158)
rust-cpython,26119,Medium,Rust (26119)
octocrab,26110,Medium,Rust (26110)
leaf,26073,Medium,Rust (26073)
duckdb-rs,26046,Medium,Rust (26046)
chidori,26028,Medium,Rust (26028)
lldap,25986,Medium,Rust (25986)
linfa,25826,Medium,Rust (25826)
bottom,25801,Medium,Rust (25801)
image,25753,Medium,Rust (25753)
trippy,25738,Medium,Rust (25738)
rkyv,25736,Medium,Rust (25736)
cursive,25683,Medium,Rust (25683)
winterfell,25607,Medium,Rust (25607)
notan,25452,Medium,Rust (25452)
smartcore,25414,Medium,Rust (25414)
gdnative,25284,Medium,Rust (25284)
toasty,25241,Medium,Rust (25241)
diplomat,25149,Medium,Rust (25149)
audioserve,25129,Medium,Rust (25129)
stack-graphs,25116,Medium,Rust (25116)
embedded-graphics,25063,Medium,Rust (25063)
aderyn,24958,Medium,Rust (24958)
hermit,24836,Medium,Rust (24836)
rust,24810,Medium,Rust (24810)
sn0int,24800,Medium,Rust (24800)
VectorChord,24760,Medium,Rust (24760)
RustQuant,24740,Medium,Rust (24740)
jsonschema,24672,Medium,Rust (24672)
alacritty,24566,Medium,Rust (24566)
lucet,24561,Medium,Rust (24561)
Peroxide,24470,Medium,Rust (24470)
diamond-types,24451,Medium,Rust (24451)
crux,24277,Medium,Rust (24277)
printpdf,24265,Medium,Rust (24265)
compio,24220,Medium,Rust (24220)
sauron,24143,Medium,Rust (24143)
kube,23925,Medium,Rust (23925)
OctoBase,23914,Medium,Rust (23914)
learn-wgpu,23776,Medium,Rust (23776)
charming,23772,Medium,Rust (23772)
proptest,23756,Medium,Rust (23756)
cocoindex,23747,Medium,Rust (23747)
tonbo,23711,Medium,Rust (23711)
hl,23634,Medium,Rust (23634)
ractor,23495,Medium,Rust (23495)
moka,23485,Medium,Rust (23485)
ron,23474,Medium,Rust (23474)
fundsp,23292,Medium,Rust (23292)
stgit,23274,Medium,Rust (23274)
hyper,23188,Medium,Rust (23188)
risinglight,23169,Medium,Rust (23169)
numbat,23157,Medium,Rust (23157)
orbtk,23104,Medium,Rust (23104)
plotly.rs,23053,Medium,Rust (23053)
avail,23006,Medium,Rust (23006)
socketioxide,22970,Medium,Rust (22970)
volta,22921,Medium,Rust (22921)
swash,22774,Medium,Rust (22774)
librespot,22766,Medium,Rust (22766)
kuasar,22742,Medium,Rust (22742)
miniquad,22718,Medium,Rust (22718)
Nova,22700,Medium,Rust (22700)
hyperion,22628,Medium,Rust (22628)
hftbacktest,22616,Medium,Rust (22616)
fornjot,22577,Medium,Rust (22577)
rCore,22552,Medium,Rust (22552)
rust-bio,22409,Medium,Rust (22409)
warpgate,22403,Medium,Rust (22403)
simd-json,22400,Medium,Rust (22400)
goblin,22328,Medium,Rust (22328)
inkwell,22291,Medium,Rust (22291)
perseus,22266,Medium,Rust (22266)
tiny-skia,22221,Medium,Rust (22221)
sway-applications,22164,Medium,Rust (22164)
moonfire-nvr,21988,Medium,Rust (21988)
akri,21949,Medium,Rust (21949)
xiu,21941,Medium,Rust (21941)
monoio,21934,Medium,Rust (21934)
ttf-parser,21924,Medium,Rust (21924)
goose,21923,Medium,Rust (21923)
blade,21828,Medium,Rust (21828)
avbroot,21813,Medium,Rust (21813)
kajiya,21804,Medium,Rust (21804)
ai-gateway,21757,Medium,Rust (21757)
nativeshell,21746,Medium,Rust (21746)
Relm4,21734,Medium,Rust (21734)
madsim,21676,Medium,Rust (21676)
typst.ts,21635,Medium,Rust (21635)
Plume,21607,Medium,Rust (21607)
psst,21562,Medium,Rust (21562)
sniffnet,21535,Medium,Rust (21535)
luminance-rs,21412,Medium,Rust (21412)
resvg,21265,Medium,Rust (21265)
tsukimi,21261,Medium,Rust (21261)
clash-nyanpasu,21227,Medium,Rust (21227)
spider,21176,Medium,Rust (21176)
ratchet,21174,Medium,Rust (21174)
physx-rs,21154,Medium,Rust (21154)
Damn_Vulnerable_C_Program,21134,Medium,Rust (21134)
quaint,21098,Medium,Rust (21098)
sysinfo,21065,Medium,Rust (21065)
typical,21037,Medium,Rust (21037)
rust-ipfs,20978,Medium,Rust (20978)
accesskit,20960,Medium,Rust (20960)
manga-tui,20887,Medium,Rust (20887)
lopdf,20858,Medium,Rust (20858)
redshirt,20852,Medium,Rust (20852)
moros,20732,Medium,Rust (20732)
rendy,20621,Medium,Rust (20621)
ruduino,20601,Medium,Rust (20601)
wayland-rs,20596,Medium,Rust (20596)
rust-sdk,20590,Medium,Rust (20590)
rustsec,20523,Medium,Rust (20523)
cargo-vet,20322,Medium,Rust (20322)
fend,20309,Medium,Rust (20309)
indexify,20293,Medium,Rust (20293)
text-embeddings-inference,20280,Medium,Rust (20280)
bitvec,20274,Medium,Rust (20274)
atuin,20265,Medium,Rust (20265)
LACT,20249,Medium,Rust (20249)
chrono,20197,Medium,Rust (20197)
sonic-rs,20154,Medium,Rust (20154)
godot-rapier-physics,20128,Medium,Rust (20128)
boytacean,20027,Medium,Rust (20027)
blitz,20026,Medium,Rust (20026)
bupstash,20010,Medium,Rust (20010)
zizmor,19933,Medium,Rust (19933)
kellnr,19882,Medium,Rust (19882)
wrappers,19870,Medium,Rust (19870)
jsonrpsee,19787,Medium,Rust (19787)
synapse,19741,Medium,Rust (19741)
core-foundation-rs,19723,Medium,Rust (19723)
ferron,19676,Medium,Rust (19676)
presenterm,19639,Medium,Rust (19639)
bpfman,19609,Medium,Rust (19609)
krustlet,19589,Medium,Rust (19589)
libm,19576,Medium,Rust (19576)
grammers,19561,Medium,Rust (19561)
vagga,19552,Medium,Rust (19552)
aws-lambda-rust-runtime,19487,Medium,Rust (19487)
paperclip,19468,Medium,Rust (19468)
rust-postgres,19397,Medium,Rust (19397)
esp-idf-hal,19293,Medium,Rust (19293)
packed_simd,19238,Medium,Rust (19238)
syncstorage-rs,19225,Medium,Rust (19225)
zbox,19027,Medium,Rust (19027)
camilladsp,19026,Medium,Rust (19026)
ort,18908,Medium,Rust (18908)
sps,18897,Medium,Rust (18897)
citybound,18885,Medium,Rust (18885)
donutbrowser,18883,Medium,Rust (18883)
connector-x,18814,Medium,Rust (18814)
statrs,18800,Medium,Rust (18800)
rbatis,18792,Medium,Rust (18792)
ketos,18722,Medium,Rust (18722)
synth,18674,Medium,Rust (18674)
difftastic,18665,Medium,Rust (18665)
microsandbox,18616,Medium,Rust (18616)
MCHPRS,18560,Medium,Rust (18560)
ext-php-rs,18461,Medium,Rust (18461)
Seelen-UI,18458,Medium,Rust (18458)
kosmonaut,18411,Medium,Rust (18411)
russh,18390,Medium,Rust (18390)
paper-plane,18314,Medium,Rust (18314)
bon,18304,Medium,Rust (18304)
plotters,18280,Medium,Rust (18280)
rustc_codegen_cranelift,18267,Medium,Rust (18267)
avail-light,18227,Medium,Rust (18227)
pb-jelly,18206,Medium,Rust (18206)
whatlang-rs,18059,Medium,Rust (18059)
GQL,18020,Medium,Rust (18020)
cxx,18019,Medium,Rust (18019)
plugins-workspace,18007,Medium,Rust (18007)
trane,17989,Medium,Rust (17989)
television,17952,Medium,Rust (17952)
io-uring,17861,Medium,Rust (17861)
cargo-semver-checks,17858,Medium,Rust (17858)
i3status-rust,17812,Medium,Rust (17812)
neovide,17805,Medium,Rust (17805)
bdk,17793,Medium,Rust (17793)
leftwm,17773,Medium,Rust (17773)
ironbar,17771,Medium,Rust (17771)
EmbedAnything,17739,Medium,Rust (17739)
zen,17736,Medium,Rust (17736)
ripasso,17735,Medium,Rust (17735)
ferrumc,17712,Medium,Rust (17712)
nom,17640,Medium,Rust (17640)
voicevox_core,17559,Medium,Rust (17559)
SPWN-language,17556,Medium,Rust (17556)
macroquad,17546,Medium,Rust (17546)
rosenpass,17541,Medium,Rust (17541)
vnt,17538,Medium,Rust (17538)
foyer,17515,Medium,Rust (17515)
ajour,17504,Medium,Rust (17504)
tui-rs,17402,Medium,Rust (17402)
dbus-rs,17401,Medium,Rust (17401)
hashes,17369,Medium,Rust (17369)
three-d,17357,Medium,Rust (17357)
edit,17320,Medium,Rust (17320)
nil,17319,Medium,Rust (17319)
plane,17220,Medium,Rust (17220)
rwf,17193,Medium,Rust (17193)
rbw,17136,Medium,Rust (17136)
graft,17132,Medium,Rust (17132)
nix-installer,17111,Medium,Rust (17111)
OctaSine,17110,Medium,Rust (17110)
comfy,17096,Medium,Rust (17096)
prsqlite,17086,Medium,Rust (17086)
safer_ffi,17079,Medium,Rust (17079)
tachyonfx,17075,Medium,Rust (17075)
maturin,16986,Medium,Rust (16986)
rbpf,16955,Medium,Rust (16955)
lol-html,16928,Medium,Rust (16928)
ante,16910,Medium,Rust (16910)
jumpy,16899,Medium,Rust (16899)
imageproc,16891,Medium,Rust (16891)
raft-rs,16878,Medium,Rust (16878)
martin,16790,Medium,Rust (16790)
h3,16743,Medium,Rust (16743)
resources,16654,Medium,Rust (16654)
heimdall-rs,16647,Medium,Rust (16647)
lune,16634,Medium,Rust (16634)
cornucopia,16626,Medium,Rust (16626)
memflow,16603,Medium,Rust (16603)
drasi-platform,16585,Medium,Rust (16585)
forma,16526,Medium,Rust (16526)
json,16434,Medium,Rust (16434)
geektime-rust,16412,Medium,Rust (16412)
kunai,16392,Medium,Rust (16392)
fake-rs,16326,Medium,Rust (16326)
spot,16322,Medium,Rust (16322)
libbpf-rs,16311,Medium,Rust (16311)
ntsc-rs,16309,Medium,Rust (16309)
mvsqlite,16249,Medium,Rust (16249)
llm-chain,16235,Medium,Rust (16235)
racer,16225,Medium,Rust (16225)
aici,16220,Medium,Rust (16220)
OpenVehicleDiag,16216,Medium,Rust (16216)
rosrust,16185,Medium,Rust (16185)
magnus,16181,Medium,Rust (16181)
windows-drivers-rs,16176,Medium,Rust (16176)
uom,16147,Medium,Rust (16147)
sentry-rust,16130,Medium,Rust (16130)
rust-rocksdb,16125,Medium,Rust (16125)
ggez,16044,Medium,Rust (16044)
rstest,15999,Medium,Rust (15999)
wirefilter,15798,Medium,Rust (15798)
iamb,15783,Medium,Rust (15783)
taplo,15774,Medium,Rust (15774)
mdq,15750,Medium,Rust (15750)
huff-rs,15716,Medium,Rust (15716)
reedline,15710,Medium,Rust (15710)
nvim-oxi,15654,Medium,Rust (15654)
rtic,15644,Medium,Rust (15644)
binwalk,15601,Medium,Rust (15601)
wonnx,15587,Medium,Rust (15587)
cbindgen,15566,Medium,Rust (15566)
raft-engine,15518,Medium,Rust (15518)
may,15497,Medium,Rust (15497)
async-std,15497,Medium,Rust (15497)
cartero,15488,Medium,Rust (15488)
Glint,15466,Medium,Rust (15466)
binrw,15461,Medium,Rust (15461)
roaring-rs,15410,Medium,Rust (15410)
itertools,15392,Medium,Rust (15392)
valthrun-cs2,15347,Medium,Rust (15347)
httpmock,15322,Medium,Rust (15322)
insta,15311,Medium,Rust (15311)
wickdb,15307,Medium,Rust (15307)
stronghold.rs,15244,Medium,Rust (15244)
rust-rdkafka,15153,Medium,Rust (15153)
customasm,15104,Medium,Rust (15104)
aichat,15091,Medium,Rust (15091)
rustboyadvance-ng,15061,Medium,Rust (15061)
lantern,14968,Medium,Rust (14968)
cacao,14953,Medium,Rust (14953)
deku,14913,Medium,Rust (14913)
chumsky,14903,Medium,Rust (14903)
skim,14886,Medium,Rust (14886)
penrose,14854,Medium,Rust (14854)
AEADs,14838,Medium,Rust (14838)
block-ciphers,14830,Medium,Rust (14830)
release-plz,14808,Medium,Rust (14808)
tower-http,14757,Medium,Rust (14757)
shuttle,14715,Medium,Rust (14715)
rust-ffmpeg,14707,Medium,Rust (14707)
rust-raspberrypi-OS-tutorials,14705,Medium,Rust (14705)
bili-shadowreplay,14701,Medium,Rust (14701)
cargo-mobile2,14654,Medium,Rust (14654)
PoloDB,14561,Medium,Rust (14561)
helios,14549,Medium,Rust (14549)
relm,14546,Medium,Rust (14546)
syntect,14508,Medium,Rust (14508)
seed,14502,Medium,Rust (14502)
cargo-deny,14457,Medium,Rust (14457)
html5ever,14367,Medium,Rust (14367)
dovi_tool,14362,Medium,Rust (14362)
combine,14350,Medium,Rust (14350)
joshuto,14306,Medium,Rust (14306)
maplibre-rs,14283,Medium,Rust (14283)
arceos,14274,Medium,Rust (14274)
Bend,14274,Medium,Rust (14274)
rustsbi,14206,Medium,Rust (14206)
wiki-tui,14203,Medium,Rust (14203)
volt,14122,Medium,Rust (14122)
vue-compiler,14086,Medium,Rust (14086)
git-stack,14027,Medium,Rust (14027)
minirust,13984,Medium,Rust (13984)
orogene,13983,Medium,Rust (13983)
sycamore,13921,Medium,Rust (13921)
miette,13866,Medium,Rust (13866)
gotham,13806,Medium,Rust (13806)
AngryOxide,13787,Medium,Rust (13787)
eunomia-bpf,13750,Medium,Rust (13750)
intermodal,13744,Medium,Rust (13744)
StyLua,13725,Medium,Rust (13725)
prisma-client-rust,13696,Medium,Rust (13696)
langchain-rust,13691,Medium,Rust (13691)
rubyfmt,13601,Medium,Rust (13601)
pulsar,13597,Medium,Rust (13597)
redbpf,13593,Medium,Rust (13593)
jsonrpc,13556,Medium,Rust (13556)
bevy_rapier,13552,Medium,Rust (13552)
rend3,13547,Medium,Rust (13547)
oculante,13456,Medium,Rust (13456)
msgpack-rust,13450,Medium,Rust (13450)
legion,13426,Medium,Rust (13426)
sherlock,13422,Medium,Rust (13422)
femtovg,13410,Medium,Rust (13410)
mio,13372,Medium,Rust (13372)
onetagger,13332,Medium,Rust (13332)
rustyline,13307,Medium,Rust (13307)
metrics,13304,Medium,Rust (13304)
piet,13253,Medium,Rust (13253)
tiny,13245,Medium,Rust (13245)
crater,13236,Medium,Rust (13236)
workers-rs,13221,Medium,Rust (13221)
eza,13193,Medium,Rust (13193)
lychee,13189,Medium,Rust (13189)
prost,13172,Medium,Rust (13172)
cross,13132,Medium,Rust (13132)
defmt,13079,Medium,Rust (13079)
pueue,13054,Medium,Rust (13054)
llm,13044,Medium,Rust (13044)
cargo-mutants,13035,Medium,Rust (13035)
kakoune-lsp,13004,Medium,Rust (13004)
ropey,12975,Medium,Rust (12975)
chunkr,12963,Medium,Rust (12963)
im-rs,12957,Medium,Rust (12957)
tunshell,12932,Medium,Rust (12932)
kameo,12895,Medium,Rust (12895)
stm32f1xx-hal,12876,Medium,Rust (12876)
leafwing-input-manager,12850,Medium,Rust (12850)
postcard,12825,Medium,Rust (12825)
glazewm,12792,Medium,Rust (12792)
kurbo,12773,Medium,Rust (12773)
hoodik,12754,Medium,Rust (12754)
pomsky,12718,Medium,Rust (12718)
kerla,12607,Medium,Rust (12607)
tarpaulin,12607,Medium,Rust (12607)
dim,12553,Medium,Rust (12553)
stateright,12552,Medium,Rust (12552)
console,12529,Medium,Rust (12529)
retroboy,12526,Medium,Rust (12526)
Ebou,12514,Medium,Rust (12514)
Mortal,12492,Medium,Rust (12492)
rust-sfml,12462,Medium,Rust (12462)
MirrorX,12456,Medium,Rust (12456)
codelldb,12456,Medium,Rust (12456)
metal-rs,12453,Medium,Rust (12453)
bastion,12451,Medium,Rust (12451)
rust-decimal,12448,Medium,Rust (12448)
tera,12435,Medium,Rust (12435)
aho-corasick,12432,Medium,Rust (12432)
criterion.rs,12417,Medium,Rust (12417)
heim,12337,Medium,Rust (12337)
spotify-player,12262,Medium,Rust (12262)
libpnet,12259,Medium,Rust (12259)
bayard,12256,Medium,Rust (12256)
book,12220,Medium,Rust (12220)
Av1an,12216,Medium,Rust (12216)
click,12215,Medium,Rust (12215)
zemeroth,12212,Medium,Rust (12212)
cargo-crev,12186,Medium,Rust (12186)
cucumber,12165,Medium,Rust (12165)
bat,12157,Medium,Rust (12157)
cv,12076,Medium,Rust (12076)
Kindelia,12061,Medium,Rust (12061)
watchexec,12050,Medium,Rust (12050)
oxker,12048,Medium,Rust (12048)
evm,12046,Medium,Rust (12046)
rage,12045,Medium,Rust (12045)
kira,11948,Medium,Rust (11948)
tab-rs,11947,Medium,Rust (11947)
cryo,11913,Medium,Rust (11913)
podlet,11872,Medium,Rust (11872)
sodiumoxide,11866,Medium,Rust (11866)
lunatic,11858,Medium,Rust (11858)
procs,11855,Medium,Rust (11855)
native_db,11828,Medium,Rust (11828)
rx,11816,Medium,Rust (11816)
fselect,11808,Medium,Rust (11808)
SQLPage,11793,Medium,Rust (11793)
mini-lsm,11743,Medium,Rust (11743)
pgcat,11724,Medium,Rust (11724)
actix-net,11712,Medium,Rust (11712)
hashbrown,11688,Medium,Rust (11688)
runebender,11665,Medium,Rust (11665)
mockall,11640,Medium,Rust (11640)
lettre,11626,Medium,Rust (11626)
neon,11623,Medium,Rust (11623)
wgpu-rs,11598,Medium,Rust (11598)
timely-dataflow,11569,Medium,Rust (11569)
apalis,11552,Medium,Rust (11552)
legba,11547,Medium,Rust (11547)
pin-project,11528,Medium,Rust (11528)
wry,11520,Medium,Rust (11520)
nokhwa,11452,Medium,Rust (11452)
selene,11448,Medium,Rust (11448)
PackSquash,11447,Medium,Rust (11447)
lsd,11424,Medium,Rust (11424)
static-web-server,11420,Medium,Rust (11420)
ATAC,11414,Medium,Rust (11414)
percy,11409,Medium,Rust (11409)
biodiff,11390,Medium,Rust (11390)
sniprun,11389,Medium,Rust (11389)
rust-web3,11388,Medium,Rust (11388)
argc,11382,Medium,Rust (11382)
korvus,11367,Medium,Rust (11367)
mdBook,11358,Medium,Rust (11358)
arrayfire-rust,11347,Medium,Rust (11347)
vega,11334,Medium,Rust (11334)
agatedb,11332,Medium,Rust (11332)
Replibyte,11323,Medium,Rust (11323)
pdf,11320,Medium,Rust (11320)
cargo-mobile,11294,Medium,Rust (11294)
vopono,11263,Medium,Rust (11263)
aurae,11261,Medium,Rust (11261)
calamine,11260,Medium,Rust (11260)
brush,11259,Medium,Rust (11259)
amp,11258,Medium,Rust (11258)
cpal,11219,Medium,Rust (11219)
amdgpu_top,11174,Medium,Rust (11174)
ncspot,11162,Medium,Rust (11162)
metaboss,11116,Medium,Rust (11116)
MarkFlowy,11037,Medium,Rust (11037)
tetra,11030,Medium,Rust (11030)
lan-mouse,11022,Medium,Rust (11022)
rye,11008,Medium,Rust (11008)
traits,11006,Medium,Rust (11006)
kdash,11005,Medium,Rust (11005)
ox,11001,Medium,Rust (11001)
kati,10928,Medium,Rust (10928)
tach,10928,Medium,Rust (10928)
cargo-binstall,10917,Medium,Rust (10917)
xbuild,10907,Medium,Rust (10907)
toydb,10883,Medium,Rust (10883)
rxRust,10865,Medium,Rust (10865)
hyper-mcp,10862,Medium,Rust (10862)
Neothesia,10835,Medium,Rust (10835)
spotify-tui,10824,Medium,Rust (10824)
scooter,10806,Medium,Rust (10806)
grex,10805,Medium,Rust (10805)
fuso,10769,Medium,Rust (10769)
eww,10737,Medium,Rust (10737)
archgw,10707,Medium,Rust (10707)
indexmap,10704,Medium,Rust (10704)
book-cn,10682,Medium,Rust (10682)
polaris,10677,Medium,Rust (10677)
inquire,10674,Medium,Rust (10674)
fuser,10673,Medium,Rust (10673)
darling,10645,Medium,Rust (10645)
mCaptcha,10633,Medium,Rust (10633)
heapless,10621,Medium,Rust (10621)
dezoomify-rs,10588,Medium,Rust (10588)
nutype,10569,Medium,Rust (10569)
noseyparker,10543,Medium,Rust (10543)
pyxel,10520,Medium,Rust (10520)
rip,10516,Medium,Rust (10516)
rpds,10497,Medium,Rust (10497)
lingua-rs,10491,Medium,Rust (10491)
pg_graphql,10490,Medium,Rust (10490)
bevy_ecs_tilemap,10488,Medium,Rust (10488)
plonk,10481,Medium,Rust (10481)
serde-yaml,10445,Medium,Rust (10445)
espflash,10444,Medium,Rust (10444)
schemars,10437,Medium,Rust (10437)
stu,10413,Medium,Rust (10413)
rust-prometheus,10387,Medium,Rust (10387)
bottlerocket,10371,Medium,Rust (10371)
sled,10320,Medium,Rust (10320)
rust-url,10288,Medium,Rust (10288)
rodio,10272,Medium,Rust (10272)
lnx,10253,Medium,Rust (10253)
roapi,10244,Medium,Rust (10244)
cargo-generate,10212,Medium,Rust (10212)
parallel-disk-usage,10210,Medium,Rust (10210)
lapin,10204,Medium,Rust (10204)
qmetaobject-rs,10098,Medium,Rust (10098)
parking_lot,10098,Medium,Rust (10098)
coffee,10074,Medium,Rust (10074)
pgvectorscale,10060,Medium,Rust (10060)
websocat,10060,Medium,Rust (10060)
paru,9997,Small,Rust (9997)
bril,9996,Small,Rust (9996)
syncpack,9985,Small,Rust (9985)
trunk,9970,Small,Rust (9970)
handlebars-rust,9969,Small,Rust (9969)
moxie,9955,Small,Rust (9955)
gltf,9892,Small,Rust (9892)
june,9877,Small,Rust (9877)
rezolus,9859,Small,Rust (9859)
rust-sciter,9842,Small,Rust (9842)
egui_graphs,9835,Small,Rust (9835)
fluent-rs,9835,Small,Rust (9835)
attic,9819,Small,Rust (9819)
multi-party-ecdsa,9763,Small,Rust (9763)
cargo-msrv,9759,Small,Rust (9759)
Ares,9756,Small,Rust (9756)
toml-rs,9722,Small,Rust (9722)
nog,9715,Small,Rust (9715)
arkflow,9694,Small,Rust (9694)
create-rust-app,9670,Small,Rust (9670)
casbin-rs,9658,Small,Rust (9658)
topgrade,9656,Small,Rust (9656)
Loungy,9611,Small,Rust (9611)
narrowlink,9587,Small,Rust (9587)
neovim-gtk,9582,Small,Rust (9582)
foundations,9561,Small,Rust (9561)
fjall,9536,Small,Rust (9536)
cargo-cache,9505,Small,Rust (9505)
zebar,9505,Small,Rust (9505)
http,9501,Small,Rust (9501)
kalker,9494,Small,Rust (9494)
statig,9469,Small,Rust (9469)
inlyne,9466,Small,Rust (9466)
rCore-Tutorial-v3,9464,Small,Rust (9464)
rouille,9456,Small,Rust (9456)
borgo,9449,Small,Rust (9449)
blueboat,9433,Small,Rust (9433)
amber,9429,Small,Rust (9429)
divan,9415,Small,Rust (9415)
tower,9409,Small,Rust (9409)
pdf-writer,9403,Small,Rust (9403)
srgn,9395,Small,Rust (9395)
arnis,9392,Small,Rust (9392)
govee2mqtt,9387,Small,Rust (9387)
gba,9387,Small,Rust (9387)
cc-rs,9382,Small,Rust (9382)
evcxr,9377,Small,Rust (9377)
rustler,9368,Small,Rust (9368)
svgbob,9358,Small,Rust (9358)
cosmic-text,9352,Small,Rust (9352)
sdk,9341,Small,Rust (9341)
rand,9329,Small,Rust (9329)
pgwire,9324,Small,Rust (9324)
warp,9305,Small,Rust (9305)
Mousai,9302,Small,Rust (9302)
netavark,9286,Small,Rust (9286)
rust-csv,9279,Small,Rust (9279)
thirtyfour,9256,Small,Rust (9256)
canvas,9251,Small,Rust (9251)
rust-playground,9215,Small,Rust (9215)
gitu,9209,Small,Rust (9209)
rspotify,9194,Small,Rust (9194)
examples,9167,Small,Rust (9167)
magic-wormhole.rs,9155,Small,Rust (9155)
logos,9143,Small,Rust (9143)
tui-journal,9121,Small,Rust (9121)
inferno,9121,Small,Rust (9121)
computerraria,9072,Small,Rust (9072)
piranha,9047,Small,Rust (9047)
typeshare,9025,Small,Rust (9025)
rustic,9017,Small,Rust (9017)
innernet,9014,Small,Rust (9014)
tui-realm,8975,Small,Rust (8975)
actix,8973,Small,Rust (8973)
nanoserde,8962,Small,Rust (8962)
nsh,8915,Small,Rust (8915)
actix-extras,8912,Small,Rust (8912)
aquascope,8910,Small,Rust (8910)
hecs,8906,Small,Rust (8906)
pg_vectorize,8901,Small,Rust (8901)
nostr-rs-relay,8896,Small,Rust (8896)
spring-rs,8880,Small,Rust (8880)
eyra,8876,Small,Rust (8876)
nlprule,8862,Small,Rust (8862)
chainsaw,8850,Small,Rust (8850)
ultraviolet,8849,Small,Rust (8849)
oxipng,8829,Small,Rust (8829)
xplr,8824,Small,Rust (8824)
yellowstone-grpc,8800,Small,Rust (8800)
moq,8792,Small,Rust (8792)
mustang,8762,Small,Rust (8762)
tgt,8759,Small,Rust (8759)
gurk-rs,8757,Small,Rust (8757)
crossterm,8737,Small,Rust (8737)
bevy_ecs_ldtk,8735,Small,Rust (8735)
rui,8710,Small,Rust (8710)
shpool,8708,Small,Rust (8708)
riscv,8685,Small,Rust (8685)
matano,8661,Small,Rust (8661)
rustlings,8659,Small,Rust (8659)
rustfinity,8638,Small,Rust (8638)
glutin,8637,Small,Rust (8637)
jless,8597,Small,Rust (8597)
specs,8573,Small,Rust (8573)
git-cliff,8573,Small,Rust (8573)
cgmath,8547,Small,Rust (8547)
glyph-brush,8544,Small,Rust (8544)
os_kernel_lab,8515,Small,Rust (8515)
CreuSAT,8508,Small,Rust (8508)
runwasi,8508,Small,Rust (8508)
angle-grinder,8503,Small,Rust (8503)
tapo,8497,Small,Rust (8497)
cached,8496,Small,Rust (8496)
config-rs,8495,Small,Rust (8495)
poise,8459,Small,Rust (8459)
noise-rs,8450,Small,Rust (8450)
mooneye-gb,8444,Small,Rust (8444)
enigo,8428,Small,Rust (8428)
tabiew,8425,Small,Rust (8425)
j4rs,8387,Small,Rust (8387)
pathfinding,8374,Small,Rust (8374)
bevy-inspector-egui,8351,Small,Rust (8351)
IRust,8345,Small,Rust (8345)
avr-hal,8344,Small,Rust (8344)
yas,8331,Small,Rust (8331)
cr-sqlite,8318,Small,Rust (8318)
delicate,8303,Small,Rust (8303)
isahc,8273,Small,Rust (8273)
oryx,8266,Small,Rust (8266)
bili-sync,8266,Small,Rust (8266)
kafka-rust,8240,Small,Rust (8240)
virtual-display-rs,8204,Small,Rust (8204)
compact_str,8201,Small,Rust (8201)
iocraft,8201,Small,Rust (8201)
rust-hypervisor-firmware,8187,Small,Rust (8187)
fst,8179,Small,Rust (8179)
jaq,8163,Small,Rust (8163)
verso,8148,Small,Rust (8148)
vpncloud,8139,Small,Rust (8139)
wstunnel,8096,Small,Rust (8096)
gameboy,8081,Small,Rust (8081)
httm,8076,Small,Rust (8076)
jni-rs,8041,Small,Rust (8041)
whisper-rs,8027,Small,Rust (8027)
gobang,8024,Small,Rust (8024)
awrit,8002,Small,Rust (8002)
rudr,7960,Small,Rust (7960)
ts-rs,7948,Small,Rust (7948)
chess-tui,7938,Small,Rust (7938)
termimad,7922,Small,Rust (7922)
cargo-geiger,7874,Small,Rust (7874)
heed,7869,Small,Rust (7869)
zee,7839,Small,Rust (7839)
bevy-cheatbook,7783,Small,Rust (7783)
rsmpeg,7775,Small,Rust (7775)
huak,7774,Small,Rust (7774)
svd2rust,7761,Small,Rust (7761)
dotenv-linter,7751,Small,Rust (7751)
node-bindgen,7744,Small,Rust (7744)
rust_minifb,7735,Small,Rust (7735)
pinocchio,7728,Small,Rust (7728)
renet,7726,Small,Rust (7726)
taskwarrior-tui,7710,Small,Rust (7710)
flowgger,7704,Small,Rust (7704)
cfonts,7699,Small,Rust (7699)
portable-simd,7692,Small,Rust (7692)
b,7673,Small,Rust (7673)
unicode-segmentation,7670,Small,Rust (7670)
x86_64,7667,Small,Rust (7667)
bellman,7619,Small,Rust (7619)
crowbook,7596,Small,Rust (7596)
paddler,7595,Small,Rust (7595)
ClojureRS,7561,Small,Rust (7561)
lsp-ai,7558,Small,Rust (7558)
gloo,7556,Small,Rust (7556)
autocorrect,7531,Small,Rust (7531)
RedisJSON,7519,Small,Rust (7519)
topiary,7515,Small,Rust (7515)
teaching-material,7506,Small,Rust (7506)
glicol,7491,Small,Rust (7491)
BoilR,7471,Small,Rust (7471)
exa,7470,Small,Rust (7470)
bootloader,7422,Small,Rust (7422)
rust-headless-chrome,7409,Small,Rust (7409)
typstyle,7408,Small,Rust (7408)
egg,7402,Small,Rust (7402)
rust-s3,7400,Small,Rust (7400)
steamguard-cli,7396,Small,Rust (7396)
skia-canvas,7380,Small,Rust (7380)
tarpc,7373,Small,Rust (7373)
rust-peg,7372,Small,Rust (7372)
watt,7368,Small,Rust (7368)
refinery,7344,Small,Rust (7344)
yourcontrols,7318,Small,Rust (7318)
curl-rust,7318,Small,Rust (7318)
oauth2-rs,7311,Small,Rust (7311)
frunk,7275,Small,Rust (7275)
pyflow,7201,Small,Rust (7201)
matugen,7122,Small,Rust (7122)
rjvm,7109,Small,Rust (7109)
monolith,7094,Small,Rust (7094)
indradb,7062,Small,Rust (7062)
btleplug,7060,Small,Rust (7060)
binance-rs,7053,Small,Rust (7053)
flux,7051,Small,Rust (7051)
neolink,7047,Small,Rust (7047)
loom,7038,Small,Rust (7038)
password-hashes,7030,Small,Rust (7030)
dune,7025,Small,Rust (7025)
biliup-rs,7020,Small,Rust (7020)
rig,7018,Small,Rust (7018)
bevy_egui,7004,Small,Rust (7004)
bytes,6993,Small,Rust (6993)
cargo-modules,6966,Small,Rust (6966)
rust-numpy,6962,Small,Rust (6962)
deadpool,6956,Small,Rust (6956)
font-kit,6924,Small,Rust (6924)
cortex-m,6896,Small,Rust (6896)
socket2,6895,Small,Rust (6895)
trow,6893,Small,Rust (6893)
Spartan,6877,Small,Rust (6877)
sudo_pair,6851,Small,Rust (6851)
graphql-client,6835,Small,Rust (6835)
flatgeobuf,6823,Small,Rust (6823)
Krakatau,6820,Small,Rust (6820)
indicatif,6801,Small,Rust (6801)
BetterNCM-Installer,6779,Small,Rust (6779)
lorri,6777,Small,Rust (6777)
plotlars,6761,Small,Rust (6761)
csvlens,6747,Small,Rust (6747)
swww,6729,Small,Rust (6729)
magi,6725,Small,Rust (6725)
extism,6702,Small,Rust (6702)
tectonicdb,6677,Small,Rust (6677)
telegram-bot,6670,Small,Rust (6670)
backtrace-rs,6659,Small,Rust (6659)
cherrybomb,6652,Small,Rust (6652)
submillisecond,6651,Small,Rust (6651)
dnt,6647,Small,Rust (6647)
rusty-celery,6630,Small,Rust (6630)
javy,6580,Small,Rust (6580)
salva,6567,Small,Rust (6567)
wasmex,6554,Small,Rust (6554)
dasp,6554,Small,Rust (6554)
RSA,6552,Small,Rust (6552)
gpg-tui,6538,Small,Rust (6538)
garde,6537,Small,Rust (6537)
log4rs,6526,Small,Rust (6526)
wgpu-native,6520,Small,Rust (6520)
nexus-cli,6515,Small,Rust (6515)
optimization-engine,6512,Small,Rust (6512)
sbtc-developer-release,6503,Small,Rust (6503)
plrust,6501,Small,Rust (6501)
nucleo,6488,Small,Rust (6488)
granian,6475,Small,Rust (6475)
sqlsync,6457,Small,Rust (6457)
httparse,6443,Small,Rust (6443)
serie,6424,Small,Rust (6424)
bumpalo,6412,Small,Rust (6412)
papaya,6402,Small,Rust (6402)
markdown-oxide,6391,Small,Rust (6391)
testcontainers-rs,6389,Small,Rust (6389)
ngx-rust,6385,Small,Rust (6385)
pcap2socks,6367,Small,Rust (6367)
rainfrog,6355,Small,Rust (6355)
felix,6330,Small,Rust (6330)
fastrace,6326,Small,Rust (6326)
flutter-rs,6289,Small,Rust (6289)
cobalt.rs,6283,Small,Rust (6283)
rppal,6282,Small,Rust (6282)
minify-html,6261,Small,Rust (6261)
bstr,6251,Small,Rust (6251)
crunchy-cli,6245,Small,Rust (6245)
KiwiTalk,6242,Small,Rust (6242)
menyoki,6232,Small,Rust (6232)
validator,6211,Small,Rust (6211)
check-if-email-exists,6204,Small,Rust (6204)
Weylus,6201,Small,Rust (6201)
grpc-rust,6187,Small,Rust (6187)
turmoil,6154,Small,Rust (6154)
goldboot,6120,Small,Rust (6120)
cunzhi,6099,Small,Rust (6099)
CADmium,6092,Small,Rust (6092)
reshape,6081,Small,Rust (6081)
dufs,6074,Small,Rust (6074)
oatmeal,6055,Small,Rust (6055)
flume,6026,Small,Rust (6026)
minitrace-rust,6025,Small,Rust (6025)
fd,6025,Small,Rust (6025)
colmena,6006,Small,Rust (6006)
observer_ward,5985,Small,Rust (5985)
scaphandre,5970,Small,Rust (5970)
layout,5963,Small,Rust (5963)
headcrab,5958,Small,Rust (5958)
cargo-release,5956,Small,Rust (5956)
tokio-uring,5938,Small,Rust (5938)
gmpublisher,5918,Small,Rust (5918)
pacquet,5904,Small,Rust (5904)
GlobalProtect-openconnect,5897,Small,Rust (5897)
lazyjj,5894,Small,Rust (5894)
bevy_asset_loader,5885,Small,Rust (5885)
muvm,5827,Small,Rust (5827)
hwatch,5799,Small,Rust (5799)
evtx,5785,Small,Rust (5785)
juliaup,5769,Small,Rust (5769)
tickrs,5760,Small,Rust (5760)
tuc,5751,Small,Rust (5751)
pastel,5737,Small,Rust (5737)
notify,5719,Small,Rust (5719)
laminar,5706,Small,Rust (5706)
miniserve,5703,Small,Rust (5703)
type-exercise-in-rust,5693,Small,Rust (5693)
rvemu,5688,Small,Rust (5688)
cargo-hack,5674,Small,Rust (5674)
tar-rs,5658,Small,Rust (5658)
system-manager,5632,Small,Rust (5632)
hermit-rs,5614,Small,Rust (5614)
rdedup,5605,Small,Rust (5605)
mutagen,5605,Small,Rust (5605)
asciinema,5593,Small,Rust (5593)
netscanner,5518,Small,Rust (5518)
rust-semverver,5516,Small,Rust (5516)
manuscript-core,5505,Small,Rust (5505)
matchbox,5504,Small,Rust (5504)
fantoccini,5498,Small,Rust (5498)
tinyvec,5483,Small,Rust (5483)
pubgrub,5478,Small,Rust (5478)
Kooha,5451,Small,Rust (5451)
riker,5443,Small,Rust (5443)
shiplift,5441,Small,Rust (5441)
ratzilla,5428,Small,Rust (5428)
diesel_async,5421,Small,Rust (5421)
xlite,5405,Small,Rust (5405)
hackernews-TUI,5398,Small,Rust (5398)
dua-cli,5395,Small,Rust (5395)
tuono,5394,Small,Rust (5394)
rust-crdt,5380,Small,Rust (5380)
stork,5377,Small,Rust (5377)
eyre,5368,Small,Rust (5368)
WASI,5357,Small,Rust (5357)
Satty,5339,Small,Rust (5339)
r9,5308,Small,Rust (5308)
typst-lsp,5260,Small,Rust (5260)
topgrade,5252,Small,Rust (5252)
elfshaker,5251,Small,Rust (5251)
onefetch,5251,Small,Rust (5251)
nh,5247,Small,Rust (5247)
cs431,5243,Small,Rust (5243)
sheldon,5241,Small,Rust (5241)
cargo-edit,5240,Small,Rust (5240)
twiggy,5234,Small,Rust (5234)
okapi,5233,Small,Rust (5233)
ducker,5220,Small,Rust (5220)
proc-macro2,5185,Small,Rust (5185)
laurel,5178,Small,Rust (5178)
foxtrot,5117,Small,Rust (5117)
bytemuck,5113,Small,Rust (5113)
bevy_mod_picking,5100,Small,Rust (5100)
hyperfine,5093,Small,Rust (5093)
snow,5081,Small,Rust (5081)
szyszka,5075,Small,Rust (5075)
uuid,5069,Small,Rust (5069)
mycelite,5059,Small,Rust (5059)
gdrive,5055,Small,Rust (5055)
puffin,5052,Small,Rust (5052)
polling,5047,Small,Rust (5047)
tide,5022,Small,Rust (5022)
polonius,5020,Small,Rust (5020)
toast,4984,Small,Rust (4984)
strum,4969,Small,Rust (4969)
migrate-to-uv,4956,Small,Rust (4956)
universal-android-debloater-next-generation,4921,Small,Rust (4921)
cargo-llvm-cov,4917,Small,Rust (4917)
lorri,4905,Small,Rust (4905)
tungstenite-rs,4903,Small,Rust (4903)
serialport-rs,4898,Small,Rust (4898)
y-sweet,4890,Small,Rust (4890)
viddy,4885,Small,Rust (4885)
erdtree,4875,Small,Rust (4875)
kiro-editor,4856,Small,Rust (4856)
zip-old,4853,Small,Rust (4853)
adsb_deku,4841,Small,Rust (4841)
message-io,4837,Small,Rust (4837)
pylyzer,4829,Small,Rust (4829)
mcfly,4826,Small,Rust (4826)
bitflags,4823,Small,Rust (4823)
zenith,4821,Small,Rust (4821)
headway,4820,Small,Rust (4820)
ferium,4799,Small,Rust (4799)
redlib,4776,Small,Rust (4776)
realm,4769,Small,Rust (4769)
rust-derive-builder,4762,Small,Rust (4762)
openapi-tui,4761,Small,Rust (4761)
fontdue,4752,Small,Rust (4752)
sailfish,4745,Small,Rust (4745)
serpl,4706,Small,Rust (4706)
lv_binding_rust,4694,Small,Rust (4694)
num-traits,4683,Small,Rust (4683)
rust-av,4682,Small,Rust (4682)
electrs,4682,Small,Rust (4682)
wasmer-js,4667,Small,Rust (4667)
Rudra,4666,Small,Rust (4666)
100-exercises-to-learn-rust,4652,Small,Rust (4652)
ouch,4639,Small,Rust (4639)
comfy-table,4637,Small,Rust (4637)
async-raft,4636,Small,Rust (4636)
rfd,4614,Small,Rust (4614)
rdev,4590,Small,Rust (4590)
valheim-docker,4583,Small,Rust (4583)
flate2-rs,4535,Small,Rust (4535)
rustowl,4529,Small,Rust (4529)
caligula,4517,Small,Rust (4517)
pipeless,4516,Small,Rust (4516)
rpg-cli,4506,Small,Rust (4506)
biliup-app,4500,Small,Rust (4500)
pcap,4496,Small,Rust (4496)
bandwhich,4479,Small,Rust (4479)
pixels,4467,Small,Rust (4467)
rust-zmq,4413,Small,Rust (4413)
zmq.rs,4402,Small,Rust (4402)
dotslash,4394,Small,Rust (4394)
oakc,4389,Small,Rust (4389)
ijc,4389,Small,Rust (4389)
codespan,4383,Small,Rust (4383)
typetag,4371,Small,Rust (4371)
Figment,4359,Small,Rust (4359)
fang,4359,Small,Rust (4359)
tailspin,4340,Small,Rust (4340)
libimagequant,4338,Small,Rust (4338)
xremap,4305,Small,Rust (4305)
anyhow,4302,Small,Rust (4302)
fishnet,4299,Small,Rust (4299)
pikelet,4284,Small,Rust (4284)
similar,4272,Small,Rust (4272)
horaedb,4255,Small,Rust (4255)
hora,4232,Small,Rust (4232)
packet,4216,Small,Rust (4216)
jwt-hack,4211,Small,Rust (4211)
pua-lang,4206,Small,Rust (4206)
rowan,4199,Small,Rust (4199)
thiserror,4192,Small,Rust (4192)
ab-av1,4174,Small,Rust (4174)
rutie,4156,Small,Rust (4156)
ggrs,4152,Small,Rust (4152)
solo2,4146,Small,Rust (4146)
doxx,4140,Small,Rust (4140)
wired-notify,4136,Small,Rust (4136)
photon,4129,Small,Rust (4129)
lilos,4122,Small,Rust (4122)
paperback,4117,Small,Rust (4117)
mjai-reviewer,4075,Small,Rust (4075)
overskride,4063,Small,Rust (4063)
comprehensive-rust,4060,Small,Rust (4060)
cntr,4053,Small,Rust (4053)
cargo-bundle,4046,Small,Rust (4046)
harmony,4027,Small,Rust (4027)
catfs,4023,Small,Rust (4023)
flowistry,4021,Small,Rust (4021)
autometrics-rs,4010,Small,Rust (4010)
typed-html,4008,Small,Rust (4008)
teller,4007,Small,Rust (4007)
celeste,3988,Small,Rust (3988)
lemurs,3987,Small,Rust (3987)
dirble,3984,Small,Rust (3984)
hoard,3980,Small,Rust (3980)
llm-ls,3972,Small,Rust (3972)
rquickshare,3959,Small,Rust (3959)
tv,3958,Small,Rust (3958)
cargo-call-stack,3911,Small,Rust (3911)
ServerStatus-Rust,3904,Small,Rust (3904)
open-tv,3901,Small,Rust (3901)
systeroid,3899,Small,Rust (3899)
Toshi,3891,Small,Rust (3891)
snark,3879,Small,Rust (3879)
vst-rs,3879,Small,Rust (3879)
raqote,3878,Small,Rust (3878)
rust-tun,3873,Small,Rust (3873)
gifski,3861,Small,Rust (3861)
glfw-rs,3860,Small,Rust (3860)
tokei,3860,Small,Rust (3860)
rnet,3858,Small,Rust (3858)
xcap,3855,Small,Rust (3855)
solana-mev-bot,3838,Small,Rust (3838)
universal-android-debloater,3827,Small,Rust (3827)
cacache-rs,3824,Small,Rust (3824)
tuigreet,3824,Small,Rust (3824)
tiny-http,3821,Small,Rust (3821)
mdcat,3814,Small,Rust (3814)
cargo-about,3804,Small,Rust (3804)
onagre,3783,Small,Rust (3783)
tower-lsp,3777,Small,Rust (3777)
log,3763,Small,Rust (3763)
cairo-contracts,3762,Small,Rust (3762)
com-rs,3755,Small,Rust (3755)
fnm,3741,Small,Rust (3741)
tun2proxy,3726,Small,Rust (3726)
system76-power,3725,Small,Rust (3725)
doctave,3723,Small,Rust (3723)
parinfer-rust,3722,Small,Rust (3722)
dotter,3716,Small,Rust (3716)
bevy_lunex,3706,Small,Rust (3706)
aHash,3699,Small,Rust (3699)
rathole,3679,Small,Rust (3679)
zeronsd,3670,Small,Rust (3670)
websurfx,3655,Small,Rust (3655)
vgtk,3648,Small,Rust (3648)
vigil,3629,Small,Rust (3629)
cargo-show-asm,3612,Small,Rust (3612)
wastebin,3602,Small,Rust (3602)
sapling,3601,Small,Rust (3601)
pls,3600,Small,Rust (3600)
MusicGPT,3596,Small,Rust (3596)
ore-cli,3584,Small,Rust (3584)
Dorion,3555,Small,Rust (3555)
sql-studio,3553,Small,Rust (3553)
texture-synthesis,3538,Small,Rust (3538)
ollama-rs,3530,Small,Rust (3530)
wluma,3520,Small,Rust (3520)
wagi,3518,Small,Rust (3518)
NimPlant,3514,Small,Rust (3514)
unreal-rust,3502,Small,Rust (3502)
impala,3493,Small,Rust (3493)
nix-init,3488,Small,Rust (3488)
mockito,3487,Small,Rust (3487)
rust-smallvec,3486,Small,Rust (3486)
systemstat,3484,Small,Rust (3484)
trybuild,3466,Small,Rust (3466)
aws-secretsmanager-agent,3452,Small,Rust (3452)
dialoguer,3451,Small,Rust (3451)
zjstatus,3449,Small,Rust (3449)
notify-rust,3441,Small,Rust (3441)
quicksilver,3438,Small,Rust (3438)
erased-serde,3407,Small,Rust (3407)
governor,3399,Small,Rust (3399)
rust-phf,3393,Small,Rust (3393)
abscissa,3391,Small,Rust (3391)
binsider,3388,Small,Rust (3388)
slog,3387,Small,Rust (3387)
big-brain,3371,Small,Rust (3371)
gl-rs,3354,Small,Rust (3354)
keyring-rs,3314,Small,Rust (3314)
osintui,3310,Small,Rust (3310)
ripgrep-all,3296,Small,Rust (3296)
privaxy,3286,Small,Rust (3286)
console,3283,Small,Rust (3283)
jmcomic-downloader,3249,Small,Rust (3249)
hyperlight-wasm,3248,Small,Rust (3248)
cargo-wizard,3247,Small,Rust (3247)
ytui-music,3246,Small,Rust (3246)
rust_cmd_lib,3243,Small,Rust (3243)
dust,3242,Small,Rust (3242)
arbitrary,3240,Small,Rust (3240)
yek,3230,Small,Rust (3230)
tmux-sessionizer,3227,Small,Rust (3227)
miniserde,3224,Small,Rust (3224)
owo-colors,3221,Small,Rust (3221)
git-graph,3208,Small,Rust (3208)
dashmap,3202,Small,Rust (3202)
navi,3202,Small,Rust (3202)
rinf,3201,Small,Rust (3201)
rustdesk-server,3178,Small,Rust (3178)
igrep,3174,Small,Rust (3174)
lurk,3164,Small,Rust (3164)
amber,3160,Small,Rust (3160)
libreddit,3147,Small,Rust (3147)
savage,3144,Small,Rust (3144)
shadow-tls,3142,Small,Rust (3142)
cn-font-split,3137,Small,Rust (3137)
maud,3130,Small,Rust (3130)
anyrun,3127,Small,Rust (3127)
fastembed-rs,3123,Small,Rust (3123)
fas-rs,3089,Small,Rust (3089)
puppy-browser,3078,Small,Rust (3078)
safetensors,3066,Small,Rust (3066)
kanal,3058,Small,Rust (3058)
encrypted-dns-server,3058,Small,Rust (3058)
microbin,3035,Small,Rust (3035)
memory.lol,3027,Small,Rust (3027)
jsonwebtoken,3025,Small,Rust (3025)
pprof-rs,3018,Small,Rust (3018)
rust-typed-builder,3016,Small,Rust (3016)
teip,3013,Small,Rust (3013)
reflect,3012,Small,Rust (3012)
diffsitter,3011,Small,Rust (3011)
rust-course,3007,Small,Rust (3007)
ryu,2992,Small,Rust (2992)
embedded-hal,2989,Small,Rust (2989)
cargo-update,2986,Small,Rust (2986)
walker,2968,Small,Rust (2968)
seam,2963,Small,Rust (2963)
arc-swap,2959,Small,Rust (2959)
axum-login,2953,Small,Rust (2953)
bartib,2953,Small,Rust (2953)
llama-node,2950,Small,Rust (2950)
fuse-rs,2936,Small,Rust (2936)
tealdeer,2935,Small,Rust (2935)
weggli,2923,Small,Rust (2923)
wizer,2920,Small,Rust (2920)
env_logger,2918,Small,Rust (2918)
ammonia,2905,Small,Rust (2905)
so,2905,Small,Rust (2905)
byteorder,2905,Small,Rust (2905)
Findomain,2896,Small,Rust (2896)
sshx,2893,Small,Rust (2893)
luxtorpeda,2880,Small,Rust (2880)
rust-script,2856,Small,Rust (2856)
himalaya,2850,Small,Rust (2850)
cargo-auditable,2848,Small,Rust (2848)
arboard,2818,Small,Rust (2818)
statix,2818,Small,Rust (2818)
rustypaste,2808,Small,Rust (2808)
ariadne,2800,Small,Rust (2800)
ocrs,2797,Small,Rust (2797)
signal-hook,2792,Small,Rust (2792)
aliyundrive-webdav,2763,Small,Rust (2763)
fern,2744,Small,Rust (2744)
frum,2709,Small,Rust (2709)
spotifyd,2700,Small,Rust (2700)
disruptor-rs,2697,Small,Rust (2697)
indextree,2676,Small,Rust (2676)
ouroboros,2674,Small,Rust (2674)
cargo-fuzz,2674,Small,Rust (2674)
window-switcher,2660,Small,Rust (2660)
genact,2648,Small,Rust (2648)
probe-run,2639,Small,Rust (2639)
sniffglue,2639,Small,Rust (2639)
river,2638,Small,Rust (2638)
rusty-sando,2633,Small,Rust (2633)
zero-to-production,2621,Small,Rust (2621)
sprite-dicing,2615,Small,Rust (2615)
rnix-lsp,2603,Small,Rust (2603)
macchina,2596,Small,Rust (2596)
cargo-chef,2583,Small,Rust (2583)
hexyl,2580,Small,Rust (2580)
melody,2578,Small,Rust (2578)
tunnelto,2566,Small,Rust (2566)
design-patterns-rust,2562,Small,Rust (2562)
shellharden,2560,Small,Rust (2560)
SwayOSD,2557,Small,Rust (2557)
wasmer-python,2533,Small,Rust (2533)
bob,2531,Small,Rust (2531)
RustScan,2529,Small,Rust (2529)
nix-index,2528,Small,Rust (2528)
kmon,2512,Small,Rust (2512)
hck,2505,Small,Rust (2505)
ToMoon,2504,Small,Rust (2504)
git-absorb,2496,Small,Rust (2496)
color-eyre,2476,Small,Rust (2476)
vim-doge,2475,Small,Rust (2475)
create-tauri-app,2464,Small,Rust (2464)
jql,2462,Small,Rust (2462)
tdf,2452,Small,Rust (2452)
hot-lib-reloader-rs,2450,Small,Rust (2450)
pkgx,2450,Small,Rust (2450)
async-trait,2445,Small,Rust (2445)
pyapp,2431,Small,Rust (2431)
FastNoiseLite,2427,Small,Rust (2427)
rust-yew-realworld-example-app,2422,Small,Rust (2422)
geph4-client,2418,Small,Rust (2418)
jieba-rs,2416,Small,Rust (2416)
envio,2414,Small,Rust (2414)
fastwebsockets,2410,Small,Rust (2410)
bingrep,2385,Small,Rust (2385)
once_cell,2382,Small,Rust (2382)
lumen,2375,Small,Rust (2375)
steam-tui,2371,Small,Rust (2371)
bluetui,2371,Small,Rust (2371)
filprofiler,2368,Small,Rust (2368)
wiremock-rs,2367,Small,Rust (2367)
cup,2360,Small,Rust (2360)
MessAuto,2358,Small,Rust (2358)
test-case,2357,Small,Rust (2357)
deploy-rs,2341,Small,Rust (2341)
doh-server,2336,Small,Rust (2336)
magic-cli,2334,Small,Rust (2334)
colored,2324,Small,Rust (2324)
serde-wasm-bindgen,2314,Small,Rust (2314)
sqlite-zstd,2313,Small,Rust (2313)
cargo-zigbuild,2311,Small,Rust (2311)
rust-sitter,2303,Small,Rust (2303)
age-plugin-yubikey,2299,Small,Rust (2299)
reference,2293,Small,Rust (2293)
shawl,2290,Small,Rust (2290)
rssbot,2285,Small,Rust (2285)
sudo,2283,Small,Rust (2283)
quickcheck,2281,Small,Rust (2281)
xargo,2275,Small,Rust (2275)
bloom,2268,Small,Rust (2268)
zine,2262,Small,Rust (2262)
tempfile,2257,Small,Rust (2257)
spotify-adblock,2253,Small,Rust (2253)
semver,2251,Small,Rust (2251)
onetun,2226,Small,Rust (2226)
arrayvec,2222,Small,Rust (2222)
extractous,2219,Small,Rust (2219)
quote,2208,Small,Rust (2208)
mev-bundle-generator,2204,Small,Rust (2204)
ReGreet,2200,Small,Rust (2200)
glyphon,2192,Small,Rust (2192)
org-rs,2189,Small,Rust (2189)
Peng,2178,Small,Rust (2178)
kubie,2176,Small,Rust (2176)
ytop,2175,Small,Rust (2175)
cargo-pgo,2172,Small,Rust (2172)
OffensiveNotion,2168,Small,Rust (2168)
bb8,2167,Small,Rust (2167)
magicpak,2167,Small,Rust (2167)
windows-service-rs,2165,Small,Rust (2165)
cookcli,2162,Small,Rust (2162)
walkdir,2143,Small,Rust (2143)
tex-fmt,2137,Small,Rust (2137)
ed25519-dalek,2123,Small,Rust (2123)
proxy-scraper-checker,2121,Small,Rust (2121)
mailcrab,2109,Small,Rust (2109)
open-xiaoai,2109,Small,Rust (2109)
jwt-cli,2104,Small,Rust (2104)
orange,2073,Small,Rust (2073)
popsicle,2053,Small,Rust (2053)
mini-redis,2049,Small,Rust (2049)
dvm,2045,Small,Rust (2045)
xshell,2035,Small,Rust (2035)
cargo-ndk,2023,Small,Rust (2023)
mask,1992,Small,Rust (1992)
obsidian-export,1990,Small,Rust (1990)
Good-MITM,1983,Small,Rust (1983)
discovery,1970,Small,Rust (1970)
systemctl-tui,1962,Small,Rust (1962)
shadow-rs,1940,Small,Rust (1940)
tlrc,1931,Small,Rust (1931)
fast_rsync,1917,Small,Rust (1917)
duct.rs,1916,Small,Rust (1916)
rust-ctor,1905,Small,Rust (1905)
relly,1900,Small,Rust (1900)
silicon,1895,Small,Rust (1895)
jnv,1893,Small,Rust (1893)
rust-gc,1888,Small,Rust (1888)
boxxy,1881,Small,Rust (1881)
choose,1879,Small,Rust (1879)
avml,1870,Small,Rust (1870)
backon,1864,Small,Rust (1864)
dijo,1861,Small,Rust (1861)
lowfi,1856,Small,Rust (1856)
GModPatchTool,1831,Small,Rust (1831)
nix-ld,1807,Small,Rust (1807)
drill,1786,Small,Rust (1786)
scraper,1783,Small,Rust (1783)
orz,1782,Small,Rust (1782)
node-rs,1782,Small,Rust (1782)
swhkd,1779,Small,Rust (1779)
valora,1776,Small,Rust (1776)
zoxide,1771,Small,Rust (1771)
dura,1735,Small,Rust (1735)
cargo-outdated,1732,Small,Rust (1732)
fleet,1731,Small,Rust (1731)
lucky-commit,1730,Small,Rust (1730)
gxhash,1698,Small,Rust (1698)
apkeep,1684,Small,Rust (1684)
zram-generator,1673,Small,Rust (1673)
voyager,1659,Small,Rust (1659)
codesnap.nvim,1656,Small,Rust (1656)
cargo-udeps,1650,Small,Rust (1650)
eureka,1630,Small,Rust (1630)
kibi,1629,Small,Rust (1629)
surf,1629,Small,Rust (1629)
t-rec-rs,1610,Small,Rust (1610)
lru-rs,1607,Small,Rust (1607)
bevy_prototype_lyon,1592,Small,Rust (1592)
nurl,1585,Small,Rust (1585)
dotenvy,1584,Small,Rust (1584)
nomino,1569,Small,Rust (1569)
lstr,1568,Small,Rust (1568)
percival,1567,Small,Rust (1567)
scroll-prover,1566,Small,Rust (1566)
macmon,1554,Small,Rust (1554)
cxx2flow,1554,Small,Rust (1554)
deadnix,1552,Small,Rust (1552)
folderify,1545,Small,Rust (1545)
agg,1509,Small,Rust (1509)
tokio-tungstenite,1506,Small,Rust (1506)
tmux-thumbs,1505,Small,Rust (1505)
wechat-dump-rs,1504,Small,Rust (1504)
rustpad,1499,Small,Rust (1499)
docuum,1482,Small,Rust (1482)
gping,1470,Small,Rust (1470)
vim-dogrun,1468,Small,Rust (1468)
cargo-sweep,1464,Small,Rust (1464)
generational-arena,1462,Small,Rust (1462)
select.rs,1456,Small,Rust (1456)
dhat-rs,1454,Small,Rust (1454)
termchat,1454,Small,Rust (1454)
redis-cell,1454,Small,Rust (1454)
kubectl-view-allocations,1446,Small,Rust (1446)
slab,1445,Small,Rust (1445)
suckit,1437,Small,Rust (1437)
rust_libloading,1430,Small,Rust (1430)
FingerprintHub,1426,Small,Rust (1426)
somo,1423,Small,Rust (1423)
binocle,1412,Small,Rust (1412)
datafrog,1400,Small,Rust (1400)
simple-http-server,1400,Small,Rust (1400)
paste,1399,Small,Rust (1399)
realworld-axum-sqlx,1397,Small,Rust (1397)
advent-of-code-rust,1396,Small,Rust (1396)
agate,1387,Small,Rust (1387)
cargo-bloat,1386,Small,Rust (1386)
teach-rs,1376,Small,Rust (1376)
async-channel,1374,Small,Rust (1374)
rust_sqlite,1374,Small,Rust (1374)
std-training,1366,Small,Rust (1366)
champ-r,1359,Small,Rust (1359)
gptcommit,1342,Small,Rust (1342)
aws-lambda-web-adapter,1338,Small,Rust (1338)
sshs,1337,Small,Rust (1337)
ttyper,1336,Small,Rust (1336)
KeyEcho,1328,Small,Rust (1328)
vtracer,1327,Small,Rust (1327)
bootimage,1316,Small,Rust (1316)
cargo-expand,1316,Small,Rust (1316)
llama2.rs,1313,Small,Rust (1313)
minesweeper-rs,1303,Small,Rust (1303)
sd,1299,Small,Rust (1299)
parquet-wasm,1294,Small,Rust (1294)
pier,1294,Small,Rust (1294)
python-launcher,1287,Small,Rust (1287)
rust-pretty-assertions,1285,Small,Rust (1285)
shellfirm,1284,Small,Rust (1284)
phantun,1257,Small,Rust (1257)
gpt-aggregated-edition,1252,Small,Rust (1252)
typstudio,1247,Small,Rust (1247)
kondo,1244,Small,Rust (1244)
killport,1229,Small,Rust (1229)
nftables-nat-rust,1209,Small,Rust (1209)
geopolars,1206,Small,Rust (1206)
ESP32-Cheap-Yellow-Display,1205,Small,Rust (1205)
linkme,1204,Small,Rust (1204)
desed,1198,Small,Rust (1198)
density,1196,Small,Rust (1196)
PacBao,1192,Small,Rust (1192)
rust-esp32-std-demo,1190,Small,Rust (1190)
sad,1184,Small,Rust (1184)
stl-thumb,1180,Small,Rust (1180)
atm-cli,1179,Small,Rust (1179)
xcnotary,1170,Small,Rust (1170)
always-online-stun,1168,Small,Rust (1168)
afl.rs,1163,Small,Rust (1163)
napkin-math,1162,Small,Rust (1162)
krunvm,1153,Small,Rust (1153)
dotenv,1133,Small,Rust (1133)
ch57x-keyboard-tool,1130,Small,Rust (1130)
wifi-connect,1126,Small,Rust (1126)
cargo-machete,1115,Small,Rust (1115)
eva,1098,Small,Rust (1098)
cavif-rs,1093,Small,Rust (1093)
htmx-lsp,1089,Small,Rust (1089)
smol,1085,Small,Rust (1085)
tre,1084,Small,Rust (1084)
sendme,1076,Small,Rust (1076)
toipe,1076,Small,Rust (1076)
scriptisto,1076,Small,Rust (1076)
halp,1073,Small,Rust (1073)
Nping,1062,Small,Rust (1062)
AdGuardian-Term,1059,Small,Rust (1059)
rust-quiz,1039,Small,Rust (1039)
mainframer,1038,Small,Rust (1038)
left-right,1029,Small,Rust (1029)
pico-args,1024,Small,Rust (1024)
soroban-example-dapp,1018,Small,Rust (1018)
ppfuzz,1005,Small,Rust (1005)
cargo-watch,1004,Small,Rust (1004)
pb,996,Very Small,Rust (996)
ngrrram,980,Very Small,Rust (980)
book,978,Very Small,Rust (978)
arpchat,976,Very Small,Rust (976)
cases,975,Very Small,Rust (975)
tinysearch,951,Very Small,Rust (951)
cmd-wrapped,947,Very Small,Rust (947)
packages,940,Very Small,Rust (940)
handlr,930,Very Small,Rust (930)
may_minihttp,928,Very Small,Rust (928)
display-switch,913,Very Small,Rust (913)
WSL-Hello-sudo,907,Very Small,Rust (907)
macrokata,902,Very Small,Rust (902)
pwninit,884,Very Small,Rust (884)
motorhead,878,Very Small,Rust (878)
emacs-lsp-booster,877,Very Small,Rust (877)
aliyundrive-fuse,876,Very Small,Rust (876)
chiselstore,873,Very Small,Rust (873)
autopy,869,Very Small,Rust (869)
async-stream,866,Very Small,Rust (866)
rustfix,865,Very Small,Rust (865)
docker-compose-wait,862,Very Small,Rust (862)
fcp,859,Very Small,Rust (859)
blessed-rs,840,Very Small,Rust (840)
sig,836,Very Small,Rust (836)
too-many-lists,834,Very Small,Rust (834)
indoc,813,Very Small,Rust (813)
daktilo,810,Very Small,Rust (810)
num_cpus,802,Very Small,Rust (802)
rdbc,798,Very Small,Rust (798)
proc-macro-workshop,789,Very Small,Rust (789)
vivid,788,Very Small,Rust (788)
binserve,770,Very Small,Rust (770)
chili,768,Very Small,Rust (768)
cargo-instruments,760,Very Small,Rust (760)
ripsecrets,745,Very Small,Rust (745)
window-vibrancy,745,Very Small,Rust (745)
Tran,740,Very Small,Rust (740)
lemmeknow,737,Very Small,Rust (737)
MozWire,736,Very Small,Rust (736)
developer-relations,735,Very Small,Rust (735)
csview,735,Very Small,Rust (735)
color-backtrace,732,Very Small,Rust (732)
static-assertions,730,Very Small,Rust (730)
create-your-own-lang-with-rust,725,Very Small,Rust (725)
whkd,713,Very Small,Rust (713)
pdfrip,707,Very Small,Rust (707)
rust-sloth,684,Very Small,Rust (684)
ripdrag,676,Very Small,Rust (676)
no-panic,676,Very Small,Rust (676)
bus,649,Very Small,Rust (649)
nat,642,Very Small,Rust (642)
inline-python,609,Very Small,Rust (609)
bore,582,Very Small,Rust (582)
self-replace,577,Very Small,Rust (577)
static-analysis,574,Very Small,Rust (574)
rust-ctrlc,568,Very Small,Rust (568)
systemfd,549,Very Small,Rust (549)
envy,542,Very Small,Rust (542)
directories-rs,540,Very Small,Rust (540)
mimalloc_rust,540,Very Small,Rust (540)
bevy_game_template,535,Very Small,Rust (535)
spacer,535,Very Small,Rust (535)
todo-or-die,534,Very Small,Rust (534)
Project-Lightspeed,527,Very Small,Rust (527)
ula,518,Very Small,Rust (518)
comma,518,Very Small,Rust (518)
boxer,501,Very Small,Rust (501)
dum,501,Very Small,Rust (501)
topngx,499,Very Small,Rust (499)
nft_ptr,495,Very Small,Rust (495)
htmlq,481,Very Small,Rust (481)
confy,480,Very Small,Rust (480)
human-panic,470,Very Small,Rust (470)
hibiki,470,Very Small,Rust (470)
moonwalk,458,Very Small,Rust (458)
rinha-de-compiler,442,Very Small,Rust (442)
rust-cookbook,438,Very Small,Rust (438)
cve-rs,436,Very Small,Rust (436)
ordinals-collections,426,Very Small,Rust (426)
iai,425,Very Small,Rust (425)
dnspeep,378,Very Small,Rust (378)
cargo-mommy,373,Very Small,Rust (373)
viu,369,Very Small,Rust (369)
rustcat,354,Very Small,Rust (354)
clog-cli,341,Very Small,Rust (341)
lazy-static.rs,336,Very Small,Rust (336)
inventory,312,Very Small,Rust (312)
rouille,309,Very Small,Rust (309)
dyn-clone,287,Very Small,Rust (287)
reStream,273,Very Small,Rust (273)
book,272,Very Small,Rust (272)
code-minimap,269,Very Small,Rust (269)
diskus,267,Very Small,Rust (267)
case-studies,256,Very Small,Rust (256)
vim-markdown-composer,250,Very Small,Rust (250)
pollster,250,Very Small,Rust (250)
gpt-macro,240,Very Small,Rust (240)
auto-commit,240,Very Small,Rust (240)
zsh-yarn-autocompletions,220,Very Small,Rust (220)
turbo.fish,216,Very Small,Rust (216)
dirs-rs,202,Very Small,Rust (202)
nanoid,191,Very Small,Rust (191)
pg_jsonschema,187,Very Small,Rust (187)
catproc,177,Very Small,Rust (177)
workflows,172,Very Small,Rust (172)
Rust-Flashcards,163,Very Small,Rust (163)
plz-cli,162,Very Small,Rust (162)
cfg-if,154,Very Small,Rust (154)
idiomatic-rust,144,Very Small,Rust (144)
eframe_template,139,Very Small,Rust (139)
social-media-hacker-list,126,Very Small,Rust (126)
jmap-server,94,Very Small,Rust (94)
min-sized-rust,79,Very Small,Rust (79)
num,38,Very Small,Rust (38)
aigc,20,Very Small,Rust (20)
awesome-rust,3,Very Small,Rust (3)
rustle,3,Very Small,Rust (3)
