name,Last Commit Date,Total Commits (since inception),Avg Commits,Weekday (Mon–Fri)
google,kati,2025-09-10,1591,0.54
hydro-project,hydro,2025-09-10,1931,1.77
getsentry,sentry-cli,2025-09-10,2634,0.97
shadow3aaa,fas-rs,2025-09-10,1713,2.11
anyrun-org,anyrun,2025-09-10,249,0.28
apollographql,router,2025-09-10,7562,6.71
tag1consulting,goose,2025-09-10,1819,1.05
lakehq,sail,2025-09-10,605,1.16
next-hat,nanocl,2025-09-10,1535,1.48
libbpf,libbpf-rs,2025-09-10,1485,1.02
alloy-rs,core,2025-09-10,805,1.03
OpenZeppelin,cairo-contracts,2025-09-10,909,0.74
jamsocket,y-sweet,2025-09-10,504,0.77
lakekeeper,lakekeeper,2025-09-10,924,2.25
mediar-ai,terminator,2025-09-10,1143,9.35
VirusTotal,yara-x,2025-09-10,2160,2.58
Azure,azure-sdk-for-rust,2025-09-10,2564,0.91
golemcloud,golem,2025-09-10,3631,6.18
a16z,jolt,2025-09-10,2636,1.64
mkniewallner,migrate-to-uv,2025-09-10,359,1.49
solana-playground,solana-playground,2025-09-10,1748,1.44
compio-rs,compio,2025-09-10,1460,2
mbround18,valheim-docker,2025-09-10,829,0.54
chirpstack,chirpstack,2025-09-10,925,1.01
CensoredUsername,dynasm-rs,2025-09-10,458,0.16
Cysharp,csbindgen,2025-09-10,243,0.32
izderadicka,audioserve,2025-09-10,1462,0.4
meteroid-oss,meteroid,2025-09-10,414,0.55
supabase,etl,2025-09-10,936,2.09
veryl-lang,veryl,2025-09-10,3305,4.32
flux-rs,flux,2025-09-10,1691,1.22
matsadler,magnus,2025-09-10,849,0.52
facebook,dotslash,2025-09-10,224,0.46
Myriad-Dreamin,typst.ts,2025-09-10,1358,1.49
bytedance,g3,2025-09-10,2790,3.77
sampsyo,bril,2025-09-10,2149,1.06
0xMiden,miden-vm,2025-09-10,3070,2.68
vicanso,pingap,2025-09-10,1128,1.36
madsmtm,objc2,2025-09-10,4096,0.95
ChainSafe,forest,2025-09-10,3471,2.24
kvark,blade,2025-09-10,527,0.47
googleapis,google-cloud-rust,2025-09-10,2153,2.04
kixelated,moq,2025-09-10,629,0.66
pop-os,libcosmic,2025-09-10,1527,1.46
eqlabs,pathfinder,2025-09-10,8418,7.98
mozilla,application-services,2025-09-10,6642,3.31
scylladb,scylla-rust-driver,2025-09-10,3611,2.64
containers,netavark,2025-09-10,2004,1.88
Xinrea,bili-shadowreplay,2025-09-10,578,0.66
NiREvil,vless,2025-09-10,12195,15.3
hyperlight-dev,hyperlight-wasm,2025-09-10,144,1.21
smithy-lang,smithy-rs,2025-09-10,3066,2.38
Skittyblock,aidoku-community-sources,2025-09-10,481,0.34
egraphs-good,egglog,2025-09-10,1598,1.56
sminez,ad,2025-09-10,896,1.11
Myriad-Dreamin,tinymist,2025-09-10,1593,2.83
facet-rs,facet,2025-09-10,1823,11.5
mattwparas,steel,2025-09-10,991,0.49
nix-community,nh,2025-09-10,771,0.57
apache,datafusion-ballista,2025-09-10,4464,1.44
xremap,xremap,2025-09-10,779,0.25
starkware-libs,cairo,2025-09-10,7518,6.97
microsoft,openvmm,2025-09-10,1183,4.64
ethereum,fe,2025-09-10,2612,1.44
tracel-ai,cubecl,2025-09-10,969,2.78
systeminit,si,2025-09-10,14594,8.57
dfinity,ic,2025-09-10,32927,28.54
Ragnt,AngryOxide,2025-09-10,671,0.93
matrix-org,matrix-rust-sdk,2025-09-10,13271,8.42
shadow,shadow,2025-09-10,9427,2.35
unicode-org,icu4x,2025-09-10,4386,2.81
kimono-koans,httm,2025-09-10,4354,3.24
feldera,feldera,2025-09-10,5929,5.33
nymtech,nym,2025-09-10,9867,6.45
vortex-data,vortex,2025-09-10,3445,7.36
bootc-dev,bootc,2025-09-10,3657,2.94
jni-rs,jni-rs,2025-09-10,524,0.2
mozilla-services,syncstorage-rs,2025-09-10,1604,0.83
use-ink,ink,2025-09-10,2166,1.16
project-oak,oak,2025-09-10,5742,3.05
TraceMachina,nativelink,2025-09-10,1212,0.79
ferrocene,ferrocene,2025-09-10,319212,61.54
esp-rs,esp-hal,2025-09-10,2524,2.45
zama-ai,tfhe-rs,2025-09-10,3299,4.46
rust-lang,rust-playground,2025-09-10,2926,0.94
plotly,plotly.rs,2025-09-10,360,0.17
hermit-os,kernel,2025-09-10,7340,2.09
creusot-rs,creusot,2025-09-10,3846,2.66
holochain,holochain,2025-09-10,13067,8.28
mxsm,rocketmq-rust,2025-09-10,2129,3.26
orbitinghail,graft,2025-09-10,794,2.75
containers,libkrun,2025-09-10,857,0.61
bytecodealliance,wit-bindgen,2025-09-10,1142,0.93
0x727,FingerprintHub,2025-09-10,1855,1.44
nervosnetwork,ckb,2025-09-10,10688,4.82
inko-lang,inko,2025-09-10,2913,0.78
djeedai,bevy_hanabi,2025-09-10,383,0.24
arkflow-rs,arkflow,2025-09-10,632,3.49
superfly,corrosion,2025-09-10,851,1.27
starcoinorg,starcoin,2025-09-10,3914,2.44
noir-lang,noir,2025-09-10,6086,4.44
monosans,proxy-scraper-checker,2025-09-10,1358,1.16
SeaDve,Mousai,2025-09-10,1820,1.18
hcavarsan,kftray,2025-09-10,673,1.12
robustmq,robustmq,2025-09-10,2221,3.18
apache,iceberg-rust,2025-09-10,846,1.32
nokyan,resources,2025-09-10,1299,1.06
apache,datafusion-comet,2025-09-10,1112,2.38
reubeno,brush,2025-09-10,688,0.71
cberner,fuser,2025-09-10,857,0.17
quarylabs,sqruff,2025-09-10,1917,2.25
sergi0g,cup,2025-09-10,203,0.51
BloopAI,vibe-kanban,2025-09-10,711,9.69
trunk-rs,trunk,2025-09-10,930,0.66
godot-rust,gdext,2025-09-10,2700,1.61
actix,examples,2025-09-10,1874,0.78
Oxen-AI,Oxen,2025-09-10,4851,4.75
hyperlight-dev,hyperlight,2025-09-10,665,2.97
quadratichq,quadratic,2025-09-10,17571,15.03
longbridge,gpui-component,2025-09-10,1128,3.32
katanemo,archgw,2025-09-10,459,1.32
facebook,pyrefly,2025-09-10,7471,51.07
asterinas,asterinas,2025-09-10,2719,2.74
flox,flox,2025-09-10,3683,4.66
rust-lang,crates.io,2025-09-10,21157,5.89
Eventual-Inc,Daft,2025-09-10,3260,3.49
matter-labs,zksync-era,2025-09-10,2791,4.1
touchHLE,touchHLE,2025-09-10,2131,1.92
apache,arrow-rs,2025-09-10,6852,2.29
trailbaseio,trailbase,2025-09-10,1002,3.37
dathere,qsv,2025-09-10,13475,3.36
graphprotocol,graph-node,2025-09-10,7604,3.81
SeaDve,Kooha,2025-09-10,2257,1.25
delta-io,delta-rs,2025-09-10,2294,1.23
ilya-zlobintsev,LACT,2025-09-10,906,0.39
restatedev,restate,2025-09-10,3092,4.34
topgrade-rs,topgrade,2025-09-10,1737,0.69
cocoindex-io,cocoindex,2025-09-10,788,4.28
Devolutions,IronRDP,2025-09-10,1284,0.77
habitat-sh,habitat,2025-09-10,20182,7.06
model-checking,kani,2025-09-10,2253,2.42
pgdogdev,pgdog,2025-09-10,546,2.26
mitsuhiko,insta,2025-09-10,938,0.36
bytecodealliance,javy,2025-09-10,1084,0.94
nextest-rs,nextest,2025-09-10,3788,2.49
salsa-rs,salsa,2025-09-10,2137,0.91
spiceai,spiceai,2025-09-10,3849,3.39
nexus-xyz,nexus-zkvm,2025-09-10,868,1.17
EFForg,rayhunter,2025-09-10,871,1.65
near,nearcore,2025-09-10,8982,4.68
rust-bitcoin,rust-bitcoin,2025-09-10,7119,2.03
servo,html5ever,2025-09-10,1394,0.37
CyberTimon,RapidRAW,2025-09-10,549,5.55
devflowinc,trieve,2025-09-10,5596,7.69
paritytech,polkadot-sdk,2025-09-10,19061,8.57
probe-rs,probe-rs,2025-09-10,5981,2.68
sqlpage,SQLPage,2025-09-10,2397,1.99
numaproj,numaflow,2025-09-10,1513,1.56
parseablehq,parseable,2025-09-10,1119,0.8
umijs,mako,2025-09-10,319,2.22
modelcontextprotocol,rust-sdk,2025-09-10,238,1.45
ArthurBrussee,brush,2025-09-10,1015,2.19
mozilla,neqo,2025-09-10,3361,1.84
google,zerocopy,2025-09-10,1350,0.76
rustdesk,rustdesk,2025-09-10,10726,6.49
unionlabs,union,2025-09-10,15057,21.97
FuelLabs,sway,2025-09-10,3469,2.57
zed-industries,zed,2025-09-10,30998,24.22
denoland,deno,2025-09-10,14290,6.24
astral-sh,uv,2025-09-10,7463,13.27
FuelLabs,fuel-core,2025-09-10,1429,0.99
typst,typst,2025-09-10,3914,1.88
helix-editor,helix,2025-09-10,6877,3.86
lapce,lapce,2025-09-10,3611,1.42
nushell,nushell,2025-09-10,10609,4.83
bevyengine,bevy,2025-09-10,9732,5.04
openai,codex,2025-09-10,1137,9.58
astral-sh,ruff,2025-09-10,12106,12.81
rust-lang,rust,2025-09-10,305214,58.57
pola-rs,polars,2025-09-10,13239,7.54
google,comprehensive-rust,2025-09-10,2470,3.19
influxdata,influxdb,2025-09-10,49801,14.76
surrealdb,surrealdb,2025-09-10,3925,1.32
firecracker-microvm,firecracker,2025-09-10,7322,3.55
linera-io,linera-protocol,2025-09-10,4565,4.32
iced-rs,iced,2025-09-10,6029,3.01
atuinsh,atuin,2025-09-10,1430,0.91
chroma-core,chroma,2025-09-10,3358,4.04
uutils,coreutils,2025-09-10,16529,3.69
juspay,hyperswitch,2025-09-10,5600,7.32
GraphiteEditor,Graphite,2025-09-10,2271,1.11
biomejs,biome,2025-09-10,8544,4.9
gleam-lang,gleam,2025-09-10,9704,2.94
slint-ui,slint,2025-09-10,14790,10.16
vectordotdev,vector,2025-09-10,12907,6.65
jj-vcs,jj,2025-09-10,9810,5.95
leptos-rs,leptos,2025-09-10,5038,4.86
cube-js,cube,2025-09-10,9856,4.91
facebook,relay,2025-09-10,10687,3.84
jdx,mise,2025-09-10,4654,4.82
Orange-OpenSource,hurl,2025-09-10,3744,2.32
bytecodealliance,wasmtime,2025-09-10,15222,5.74
zama-ai,fhevm,2025-09-10,3342,4.5
oxc-project,oxc,2025-09-10,11688,13.3
ruffle-rs,ruffle,2025-09-10,15172,4.73
gitbutlerapp,gitbutler,2025-09-10,17113,22.2
openobserve,openobserve,2025-09-10,4224,5.56
rust-lang,rust-analyzer,2025-09-10,35885,13.61
neovide,neovide,2025-09-10,1409,0.69
diesel-rs,diesel,2025-09-10,6966,2.21
quickwit-oss,tantivy,2025-09-10,3370,1.13
vosen,ZLUDA,2025-09-10,461,0.22
tursodatabase,turso,2025-09-10,8665,10.65
block,goose,2025-09-10,2224,7.55
tracel-ai,burn,2025-09-10,2154,2.32
rust-lang,cargo,2025-09-10,20507,5.71
libnyanpasu,clash-nyanpasu,2025-09-10,5455,3.93
rolldown,rolldown,2025-09-10,4730,7.06
Canop,broot,2025-09-10,1829,0.75
web-infra-dev,rspack,2025-09-10,7003,7.72
PRQL,prql,2025-09-10,3815,3.03
bottlerocket-os,bottlerocket,2025-09-10,7655,4.41
foundry-rs,foundry,2025-09-10,5224,4.1
awslabs,llrt,2025-09-10,896,1.55
rerun-io,rerun,2025-09-10,6632,7.15
FyroxEngine,Fyrox,2025-09-10,7459,3.04
databendlabs,databend,2025-09-10,33386,21.84
wasm-bindgen,wasm-bindgen,2025-09-10,4012,1.74
loco-rs,loco,2025-09-10,1769,2.88
risingwavelabs,risingwave,2025-09-10,13425,11.75
Automattic,harper,2025-09-10,3340,5.94
rustfs,rustfs,2025-09-10,1834,4.86
a-b-street,abstreet,2025-09-10,8432,3.38
paradedb,paradedb,2025-09-10,2059,3.21
apache,datafusion,2025-09-10,11280,3.74
embassy-rs,embassy,2025-09-10,11045,6.86
napi-rs,napi-rs,2025-09-10,3338,1.44
rustls,rustls,2025-09-10,4190,1.28
alvr-org,ALVR,2025-09-10,3232,1.08
rust-lang,rustup,2025-09-10,5349,1.5
MystenLabs,sui,2025-09-10,17597,11.67
get-convex,convex-backend,2025-09-10,4120,9.85
dtolnay,cxx,2025-09-10,4132,1.94
facebook,sapling,2025-09-10,99657,16.15
kata-containers,kata-containers,2025-09-10,16706,6.81
aptos-labs,aptos-core,2025-09-10,23158,12.92
mullvad,mullvadvpn-app,2025-09-10,27049,11.73
MaterializeInc,materialize,2025-09-10,45500,20.87
fschutt,azul,2025-09-10,2485,0.9
veloren,veloren,2025-09-10,17390,6.96
cachix,devenv,2025-09-10,4230,4.74
GreptimeTeam,greptimedb,2025-09-10,4636,4.94
rust-lang,miri,2025-09-10,19243,5.48
awslabs,mountpoint-s3,2025-09-10,1155,1.37
lancedb,lance,2025-09-10,2816,3.04
BoundaryML,baml,2025-09-10,2367,4.06
pest-parser,pest,2025-09-10,1328,0.32
prefix-dev,pixi,2025-09-10,2450,3.81
supabase-community,postgres-language-server,2025-09-10,798,0.99
loro-dev,loro,2025-09-10,1950,2.03
paradigmxyz,reth,2025-09-10,11430,13.03
ai-dynamo,dynamo,2025-09-10,1658,8.26
hickory-dns,hickory-dns,2025-09-10,4933,1.48
cloud-hypervisor,cloud-hypervisor,2025-09-10,8935,5.12
signalapp,libsignal,2025-09-10,3491,2.31
rusterlium,rustler,2025-09-10,1237,0.37
antinomyhq,forge,2025-09-10,1682,6.38
linebender,xilem,2025-09-10,1136,1.09
tokio-rs,prost,2025-09-10,746,0.24
0xPlaygrounds,rig,2025-09-10,617,1.73
ReagentX,imessage-exporter,2025-09-10,1920,1.41
emmett-framework,granian,2025-09-10,708,0.69
facebook,buck2,2025-09-10,22031,27.81
rust-embedded,riscv,2025-09-09,1239,0.43
kas-gui,kas,2025-09-09,4878,2.21
tun2proxy,tun2proxy,2025-09-09,533,0.36
rpgp,rpgp,2025-09-09,1047,0.34
nexus-xyz,nexus-cli,2025-09-09,335,1.09
dalance,amber,2025-09-09,898,0.34
openebs,mayastor,2025-09-09,2626,1.64
JakeStanger,ironbar,2025-09-09,1750,1.6
thomasschafer,scooter,2025-09-09,752,1.91
cisagov,thorium,2025-09-09,10,0.12
cncases,cases,2025-09-09,110,0.18
github,stack-graphs,2025-09-09,1946,1.65
nginx,ngx-rust,2025-09-09,282,0.12
supabase,edge-runtime,2025-09-09,1045,1.35
stratis-storage,stratisd,2025-09-09,6132,2.51
ThisSeanZhang,landscape,2025-09-09,392,1.68
danirod,cartero,2025-09-09,740,1.34
dtolnay,linkme,2025-09-09,393,0.15
chatmail,core,2025-09-09,9385,4.02
arkworks-rs,algebra,2025-09-09,881,0.44
tuananh,hyper-mcp,2025-09-09,297,1.32
AstarNetwork,Astar,2025-09-09,1038,0.55
LGUG2Z,whkd,2025-09-09,59,0.07
actix,actix-net,2025-09-09,1434,0.58
microsoft,qsharp,2025-09-09,1736,2.45
plabayo,rama,2025-09-09,2446,2.27
harfbuzz,ttf-parser,2025-09-09,486,0.21
tweag,topiary,2025-09-09,1214,1.41
0x676e67,rnet,2025-09-09,473,2.21
Stranger6667,jsonschema,2025-09-09,986,0.49
rust-lang,stdarch,2025-09-09,2705,0.88
aws,aws-secretsmanager-agent,2025-09-09,38,0.13
fedimint,fedimint,2025-09-09,11429,7.96
stm32-rs,stm32f1xx-hal,2025-09-09,558,0.21
ProvableHQ,sdk,2025-09-09,2349,1.79
pop-os,cosmic-comp,2025-09-09,1729,1.75
MCHPR,MCHPRS,2025-09-09,1108,0.53
bytebeamio,rumqtt,2025-09-09,805,0.42
verus-lang,verus,2025-09-09,3645,2.83
hermit-os,hermit-rs,2025-09-09,2084,1.02
MordechaiHadad,bob,2025-09-09,882,0.79
bytecodealliance,rustix,2025-09-09,2161,1.46
DioCrafts,OxiCloud,2025-09-09,104,0.58
sotrh,learn-wgpu,2025-09-09,1158,0.49
eclipse-iceoryx,iceoryx2,2025-09-09,3793,7.25
exercism,rust,2025-09-09,2735,0.63
modrinth,code,2025-09-09,3023,1.55
denoland,deno_lint,2025-09-09,984,0.52
trynova,nova,2025-09-09,743,0.66
bytecodealliance,wasm-tools,2025-09-09,3061,1.37
kwai,auron,2025-09-09,1470,1.24
sfackler,rust-openssl,2025-09-09,4386,0.85
pykeio,ort,2025-09-09,744,0.74
aws,amazon-q-developer-cli,2025-09-09,974,4.07
Totodore,socketioxide,2025-09-09,1344,1.33
cloudflare,foundations,2025-09-09,262,0.4
rust-lang,reference,2025-09-09,4138,1.47
dragonflyoss,nydus,2025-09-09,3420,2.43
tauri-apps,create-tauri-app,2025-09-09,991,0.52
oxigraph,oxigraph,2025-09-09,2090,0.74
lightningdevkit,rust-lightning,2025-09-09,10041,4.69
rust-ethereum,evm,2025-09-09,1796,0.71
aws,s2n-quic,2025-09-09,1824,1.29
prisma,prisma-engines,2025-09-09,10461,5.98
abenz1267,walker,2025-09-09,1487,2.65
HaoboGu,rmk,2025-09-09,2711,4.39
drl990114,MarkFlowy,2025-09-09,1411,1.55
mobilecoinfoundation,mobilecoin,2025-09-09,2689,1.85
vivoblueos,kernel,2025-09-09,29,0.71
alexcrichton,curl-rust,2025-09-09,939,0.28
tensorlakeai,indexify,2025-09-09,3909,5.14
tensorchord,VectorChord,2025-09-09,214,0.89
usagi-flow,evil-helix,2025-09-09,6771,3.84
cberner,redb,2025-09-09,1386,0.43
huggingface,text-embeddings-inference,2025-09-09,293,0.57
aya-rs,aya,2025-09-09,2108,1.53
kanidm,kanidm,2025-09-09,2478,0.91
LGFae,swww,2025-09-09,1177,0.83
railwayapp,nixpacks,2025-09-09,1414,1.39
apache,datafusion-sqlparser-rs,2025-09-09,1748,0.67
maestro-os,maestro,2025-09-09,3476,1.18
linebender,vello,2025-09-09,1577,0.95
vadimcn,codelldb,2025-09-09,1294,0.39
lycheeverse,lychee,2025-09-09,1828,1.2
apache,iggy,2025-09-09,1228,1.37
qltysh,qlty,2025-09-09,2341,0.82
tweag,nickel,2025-09-09,4416,2.46
squidowl,halloy,2025-09-09,2560,2.33
rbspy,rbspy,2025-09-09,940,0.32
sonos,tract,2025-09-09,8000,3.48
namada-net,namada,2025-09-09,17316,13.8
dora-rs,dora,2025-09-09,3919,3.32
sfu-db,connector-x,2025-09-09,1863,1.3
redlib-org,redlib,2025-09-09,1368,0.76
HelixDB,helix-db,2025-09-09,1620,5.68
open-telemetry,opentelemetry-rust,2025-09-09,1821,0.99
afnanenayet,diffsitter,2025-09-09,755,0.3
slatedb,slatedb,2025-09-09,630,1.44
cargo-bins,cargo-binstall,2025-09-09,2323,1.41
tauri-apps,tauri,2025-09-09,5708,2.8
starship,starship,2025-09-09,3931,1.8
yewstack,yew,2025-09-09,2715,0.87
DioxusLabs,dioxus,2025-09-09,6815,4.55
GyulyVGC,sniffnet,2025-09-09,2441,2.16
emilk,egui,2025-09-09,4009,1.61
actix,actix-web,2025-09-09,4793,1.71
tree-sitter,tree-sitter,2025-09-09,5895,1.55
swc-project,swc,2025-09-09,11111,4.44
wezterm,wezterm,2025-09-09,8530,2.44
huggingface,candle,2025-09-09,2437,3.27
clap-rs,clap,2025-09-09,8676,2.64
gfx-rs,wgpu,2025-09-09,9691,4.47
getzola,zola,2025-09-09,2348,0.84
PyO3,pyo3,2025-09-09,6978,1.74
nautechsystems,nautilus_trader,2025-09-09,15758,5.48
LGUG2Z,komorebi,2025-09-09,1477,1.04
rust-lang,rust-clippy,2025-09-09,23657,6.39
cloudflare,quiche,2025-09-09,2209,1.05
quickwit-oss,quickwit,2025-09-09,3366,2.73
microsoft,windows-rs,2025-09-09,1729,1.06
flxzt,rnote,2025-09-09,2279,1.49
stalwartlabs,stalwart,2025-09-09,1064,1.22
tensorzero,tensorzero,2025-09-09,1851,5.59
SeaQL,sea-orm,2025-09-09,2876,1.87
H-M-H,Weylus,2025-09-09,564,0.3
pemistahl,grex,2025-09-09,417,0.22
watchexec,watchexec,2025-09-09,1482,0.39
spinframework,spin,2025-09-09,4455,4.23
tock,tock,2025-09-09,15321,4.99
boa-dev,boa,2025-09-09,3398,1.49
dalance,procs,2025-09-09,2007,1.1
librespot-org,librespot,2025-09-09,2119,0.57
roc-lang,roc,2025-09-09,34193,13.99
build-trust,ockam,2025-09-09,9718,5.03
ProvableHQ,snarkOS,2025-09-09,11311,5.96
apache,opendal,2025-09-09,3713,3.27
zesterer,chumsky,2025-09-09,1234,0.82
greenbone,openvas-scanner,2025-09-09,5865,1.1
rivet-gg,rivet,2025-09-09,3486,4.98
junkdog,tachyonfx,2025-09-08,486,0.58
facebook,starlark-rust,2025-09-08,5094,3.61
alexpovel,srgn,2025-09-08,739,0.59
awslabs,shuttle,2025-09-08,210,0.15
luxtorpeda-dev,luxtorpeda,2025-09-08,704,0.38
InioX,matugen,2025-09-08,617,0.48
obhq,obliteration,2025-09-08,1274,0.7
MobileFirstLLC,social-media-hacker-list,2025-09-08,459,0.24
nvim-neorocks,lux,2025-09-08,998,1.64
orion-rs,orion,2025-09-08,1702,0.6
rust-lang,rustc-perf,2025-09-08,5187,1.66
bpfman,bpfman,2025-09-08,2512,2.51
pubgrub-rs,pubgrub,2025-09-08,317,0.19
availproject,avail-light,2025-09-08,2518,1.56
tessi,wasmex,2025-09-08,399,0.19
kakoune-lsp,kakoune-lsp,2025-09-08,1926,0.65
KSXGitHub,parallel-disk-usage,2025-09-08,1222,0.79
FedericoBruzzone,tgt,2025-09-08,551,1.16
rust-ammonia,ammonia,2025-09-08,453,0.15
meh,rust-tun,2025-09-08,356,0.13
Brooooooklyn,canvas,2025-09-08,1142,0.73
static-web-server,static-web-server,2025-09-08,1039,0.46
proptest-rs,proptest,2025-09-08,1053,0.26
rustsec,rustsec,2025-09-08,2512,0.83
josh-project,josh,2025-09-08,1609,0.58
rust-skia,rust-skia,2025-09-08,4024,1.43
shell-pool,shpool,2025-09-08,336,0.43
mongodb,mongo-rust-driver,2025-09-08,1193,0.59
LlamaEdge,LlamaEdge,2025-09-08,528,0.92
servo,rust-url,2025-09-08,1400,0.37
googleforgames,quilkin,2025-09-08,827,0.53
tauri-apps,plugins-workspace,2025-09-08,1919,1.57
mike-engel,jwt-cli,2025-09-08,407,0.16
nix-community,nix-ld,2025-09-08,434,0.26
metrics-rs,metrics,2025-09-08,811,0.34
ethersync,ethersync,2025-09-08,1477,1.32
Watfaq,clash-rs,2025-09-08,919,0.94
intentee,paddler,2025-09-08,634,1.55
rustsbi,rustsbi,2025-09-08,884,0.5
cedar-policy,cedar,2025-09-08,1013,1.66
doukutsu-rs,doukutsu-rs,2025-09-08,1085,0.54
console-rs,console,2025-09-08,354,0.11
knurling-rs,defmt,2025-09-08,2315,1.66
trifectatechfoundation,sudo-rs,2025-09-08,2634,3.63
fastly,pushpin,2025-09-08,2113,0.52
gosub-io,gosub-engine,2025-09-08,1512,2.19
huggingface,safetensors,2025-09-08,354,0.37
moonrepo,moon,2025-09-08,1850,1.59
artichoke,artichoke,2025-09-08,7495,2.84
cloudflare,workers-rs,2025-09-08,791,0.64
zizmorcore,zizmor,2025-09-08,840,2.34
gluesql,gluesql,2025-09-08,1623,0.62
witnessmenow,ESP32-Cheap-Yellow-Display,2025-09-08,346,0.39
nkaz001,hftbacktest,2025-09-08,988,0.91
obi1kenobi,trustfall,2025-09-08,779,0.69
cloudwego,volo,2025-09-08,504,0.61
altsem,gitu,2025-09-08,1059,1.15
Smithay,smithay,2025-09-08,3815,1.29
Rust-GPU,rust-gpu,2025-09-08,1671,1.16
davidlattimore,wild,2025-09-08,1365,2.58
theopfr,somo,2025-09-08,285,0.33
trishume,syntect,2025-09-08,1080,0.31
gtk-rs,gtk4-rs,2025-09-08,3535,1.56
redbadger,crux,2025-09-08,2104,2.49
rust-lang,cc-rs,2025-09-08,1507,0.43
eclipse-zenoh,zenoh,2025-09-08,4394,2.97
fish-shell,fish-shell,2025-09-08,21119,2.63
sxyazi,yazi,2025-09-08,1184,1.51
casey,just,2025-09-08,1483,0.43
tokio-rs,axum,2025-09-08,1681,1.1
gitui-org,gitui,2025-09-08,2515,1.3
rust-lang,mdBook,2025-09-08,2887,0.8
RustPython,RustPython,2025-09-08,14719,5.04
hyperium,hyper,2025-09-08,2878,0.87
launchbadge,sqlx,2025-09-08,2720,1.23
analysis-tools-dev,static-analysis,2025-09-08,9127,2.77
YaLTeR,niri,2025-09-08,2370,3.31
ast-grep,ast-grep,2025-09-08,3658,2.35
sigoden,aichat,2025-09-08,982,1.18
mfontanini,presenterm,2025-09-08,1335,1.54
EasyTier,EasyTier,2025-09-08,635,1.02
bensadeh,tailspin,2025-09-08,983,0.55
tokio-rs,tracing,2025-09-08,1557,0.76
hrkfdn,ncspot,2025-09-08,1326,0.52
graphql-rust,juniper,2025-09-08,1430,0.47
spaceandtimefdn,sxt-proof-of-sql,2025-09-08,2559,2.78
libp2p,rust-libp2p,2025-09-08,3670,1.56
Pumpkin-MC,Pumpkin,2025-09-08,1591,3.9
cordx56,rustowl,2025-09-08,881,3.14
metalbear-co,mirrord,2025-09-08,2076,1.9
ArroyoSystems,arroyo,2025-09-08,752,1.1
tauri-apps,wry,2025-09-08,1088,0.67
valadaptive,ntsc-rs,2025-09-07,580,0.61
mikedilger,gossip,2025-09-07,4347,4.62
yisar,ijc,2025-09-07,527,0.19
dj95,zjstatus,2025-09-07,370,0.48
rust-lang,crater,2025-09-07,2025,0.58
michelhe,rustboyadvance-ng,2025-09-07,570,0.23
Cyfrin,aderyn,2025-09-07,714,1.06
rust-lang,rustc_codegen_cranelift,2025-09-07,5093,1.95
axodotdev,cargo-dist,2025-09-07,3267,4.15
oxalica,nil,2025-09-07,549,0.52
revoltchat,backend,2025-09-07,1338,0.59
emo-crab,observer_ward,2025-09-07,956,0.79
la10736,rstest,2025-09-07,935,0.22
Jon-Becker,heimdall-rs,2025-09-07,766,0.62
romanz,electrs,2025-09-07,1687,0.65
bgreenwell,lstr,2025-09-07,99,0.73
GREsau,schemars,2025-09-07,645,0.21
taiki-e,cargo-llvm-cov,2025-09-07,1076,0.59
fussybeaver,bollard,2025-09-07,1184,0.3
buttplugio,buttplug,2025-09-07,2420,0.52
arxanas,git-branchless,2025-09-07,1964,1.16
linebender,resvg,2025-09-07,1164,0.35
RustAudio,cpal,2025-09-07,1080,0.3
mozilla,cbindgen,2025-09-07,1180,0.43
luminal-ai,luminal,2025-09-07,1650,2.25
robbert-vdh,nih-plug,2025-09-07,2249,1.61
qarmin,czkawka,2025-09-07,670,0.34
kitao,pyxel,2025-09-07,5891,1.74
ClementTsang,bottom,2025-09-07,2292,1.02
espanso,espanso,2025-09-07,1501,0.57
shadowsocks,shadowsocks-rust,2025-09-07,3115,0.74
jtroo,kanata,2025-09-07,1312,0.55
rust-windowing,winit,2025-09-07,3643,0.9
raphamorim,rio,2025-09-07,3490,3.23
vulkano-rs,vulkano,2025-09-07,4073,1.05
Universal-Debloater-Alliance,universal-android-debloater-next-generation,2025-09-07,1688,1.11
nicholassm,disruptor-rs,2025-09-06,166,0.15
sigmaSd,IRust,2025-09-06,1479,0.59
zhom,donutbrowser,2025-09-06,692,6.69
flipperzero-rs,flipperzero-rs,2025-09-06,564,0.47
stepchowfun,typical,2025-09-06,1007,0.62
rp-rs,rp-hal,2025-09-06,1548,0.88
ferronweb,ferron,2025-09-06,699,3.1
grafbase,grafbase,2025-09-06,8047,8.27
moonrepo,proto,2025-09-06,1114,1.44
salvo-rs,salvo,2025-09-06,3332,1.68
rusqlite,rusqlite,2025-09-06,2720,0.58
AmrDeveloper,GQL,2025-09-06,838,0.99
tsukinaha,tsukimi,2025-09-06,1277,2.3
freenet,freenet-core,2025-09-06,2588,1.5
rust-lang,libc,2025-09-06,8609,2.35
sharkdp,fd,2025-09-06,1727,0.54
eza-community,eza,2025-09-06,3325,0.75
hatoo,oha,2025-09-06,1482,0.57
farm-fe,farm,2025-09-06,1222,1.11
serenity-rs,serenity,2025-09-06,3331,1.05
zino-rs,zino,2025-09-05,705,0.71
femtovg,femtovg,2025-09-05,901,0.49
pamburus,hl,2025-09-05,1250,0.67
rpcpool,yellowstone-grpc,2025-09-05,305,0.36
openmls,openmls,2025-09-05,1731,1.18
flatgeobuf,flatgeobuf,2025-09-05,1235,0.49
PolyMeilex,rfd,2025-09-05,420,0.19
googlefonts,fontations,2025-09-05,2623,2.63
langdb,ai-gateway,2025-09-05,355,2.2
EmbarkStudios,cargo-about,2025-09-05,214,0.14
facebookexperimental,reverie,2025-09-05,360,0.34
Anush008,fastembed-rs,2025-09-05,201,0.27
wasmi-labs,wasmi,2025-09-05,1244,0.51
PaddiM8,kalker,2025-09-05,611,0.31
dominikwilkowski,cfonts,2025-09-05,584,0.15
CADmium-Co,CADmium,2025-09-05,404,0.51
FoxIO-LLC,ja4,2025-09-05,382,0.69
enarx,enarx,2025-09-05,2565,1.46
facebookexperimental,hermit,2025-09-05,311,0.38
KDAB,cxx-qt,2025-09-05,1556,1.38
rosenpass,rosenpass,2025-09-05,1185,1.48
ProvableHQ,snarkVM,2025-09-05,12624,7.94
DragonOS-Community,DragonOS,2025-09-05,1256,0.96
denoland,rusty_v8,2025-09-05,1408,0.75
DeterminateSystems,nix-installer,2025-09-05,773,0.96
DioxusLabs,blitz,2025-09-05,1089,2
Yamato-Security,hayabusa,2025-09-05,4795,2.43
rust-rocksdb,rust-rocksdb,2025-09-05,1076,0.29
vercel,turborepo,2025-09-05,8130,4.95
Nukesor,pueue,2025-09-05,1983,0.7
immunant,c2rust,2025-09-05,8391,3.66
cooklang,cookcli,2025-09-04,309,0.2
rust-lang,socket2,2025-09-04,658,0.22
Conflux-Chain,conflux-rust,2025-09-04,5895,3.18
lambdaclass,lambdaworks,2025-09-04,588,0.84
kaspanet,rusty-kaspa,2025-09-04,456,0.43
rust-diplomat,diplomat,2025-09-04,609,0.52
AsahiLinux,muvm,2025-09-04,133,0.36
astro,deadnix,2025-09-04,291,0.21
signalapp,ringrtc,2025-09-04,1098,0.67
gyscos,zstd-rs,2025-09-04,549,0.19
floneum,floneum,2025-09-04,1494,1.67
brave,adblock-rust,2025-09-04,1015,0.56
slawlor,ractor,2025-09-04,227,0.28
huacnlee,autocorrect,2025-09-04,927,0.61
succinctlabs,sp1,2025-09-04,2853,5.49
gorules,zen,2025-09-04,447,0.63
picahq,pica,2025-09-04,309,0.82
simd-lite,simd-json,2025-09-04,861,0.4
darkrenaissance,darkfi,2025-09-04,10202,5.96
Inlyne-Project,inlyne,2025-09-04,375,0.29
apache,incubator-teaclave-sgx-sdk,2025-09-04,693,0.27
Umio-Yasuno,amdgpu_top,2025-09-04,1012,1.14
foresterre,cargo-msrv,2025-09-04,1989,1.01
dalek-cryptography,curve25519-dalek,2025-09-04,2388,0.89
awslabs,aws-lambda-rust-runtime,2025-09-04,469,0.21
crate-ci,typos,2025-09-04,2533,1.28
maciejhirsz,logos,2025-09-04,486,0.22
oxidecomputer,hubris,2025-09-04,2103,1.43
sigp,lighthouse,2025-09-04,6931,3.26
supabase,pg_graphql,2025-09-04,1374,1.17
svix,svix-webhooks,2025-09-04,3196,2.59
mlua-rs,mlua,2025-09-04,1755,0.57
wasmCloud,wasmCloud,2025-09-04,7135,4.15
sharkdp,bat,2025-09-04,3473,1.24
sharkdp,hyperfine,2025-09-04,1008,0.34
bee-san,RustScan,2025-09-04,943,0.51
ratatui,ratatui,2025-09-04,1902,0.55
eythaann,Seelen-UI,2025-09-04,1740,3.43
sigoden,dufs,2025-09-04,418,0.35
gyroflow,gyroflow,2025-09-04,2413,2
mozilla,sccache,2025-09-04,2125,0.63
lldap,lldap,2025-09-04,1048,0.74
sayanarijit,xplr,2025-09-04,915,0.56
Pagefind,pagefind,2025-09-04,1287,1.21
ulyssa,iamb,2025-09-03,247,0.16
Losses,rune,2025-09-03,2488,5.89
boxdot,gurk-rs,2025-09-03,323,0.2
dropbox,rust-brotli,2025-09-03,954,0.29
thomas-mauran,chess-tui,2025-09-03,131,0.17
ynqa,sig,2025-09-03,85,0.15
evmar,retrowin32,2025-09-03,2819,2.65
tldr-pages,tlrc,2025-09-03,385,0.43
iqlusioninc,abscissa,2025-09-03,677,0.29
georust,geo,2025-09-03,3152,0.88
facebookincubator,below,2025-09-03,2441,1.52
robertknight,ocrs,2025-09-03,408,0.46
rust-osdev,bootloader,2025-09-03,1327,0.41
rust-osdev,uefi-rs,2025-09-03,3020,1.04
Stremio,stremio-core,2025-09-03,4825,2.41
mierak,rmpc,2025-09-03,551,0.68
RibirX,Ribir,2025-09-03,1626,0.82
orhun,daktilo,2025-09-03,466,0.79
CosmWasm,cosmwasm,2025-09-03,7696,4.77
RedisJSON,RedisJSON,2025-09-03,1288,0.43
dtolnay,syn,2025-09-03,5128,1.36
medialab,xan,2025-09-03,2468,0.75
rust-headless-chrome,rust-headless-chrome,2025-09-03,843,0.37
AFLplusplus,LibAFL,2025-09-03,3352,2.29
asciinema,asciinema,2025-09-03,1591,0.32
louis-e,arnis,2025-09-03,1046,0.73
PyO3,maturin,2025-09-03,3683,1.5
smoltcp-rs,smoltcp,2025-09-03,1880,0.65
copper-project,copper-rs,2025-09-02,736,0.4
cot-rs,cot,2025-09-02,298,0.67
r-lib,rig,2025-09-02,755,0.57
richardscollin,tmux-rs,2025-09-02,10742,1.85
duckdb,duckdb-rs,2025-09-02,463,0.35
askama-rs,askama,2025-09-02,2611,0.93
jito-foundation,jito-solana,2025-09-02,29654,13.64
AmmarAbouZor,tui-journal,2025-09-02,915,0.95
elastio,bon,2025-09-02,312,0.54
egraphs-good,egg,2025-09-02,609,0.34
deadpool-rs,deadpool,2025-09-02,855,0.47
ros2-rust,ros2_rust,2025-09-02,304,0.13
redis-rs,redis-rs,2025-09-02,1936,0.49
alexpasmantier,television,2025-09-02,672,1.58
01mf02,jaq,2025-09-02,1781,1.33
1Password,typeshare,2025-09-02,570,0.63
DioxusLabs,taffy,2025-09-02,914,0.42
rust-cross,cargo-zigbuild,2025-09-02,607,0.43
wasmerio,wasmer,2025-09-02,19627,9.93
o2sh,onefetch,2025-09-02,2691,0.96
achristmascarl,rainfrog,2025-09-02,258,0.66
Trow-Registry,trow,2025-09-01,1008,0.46
idootop,open-xiaoai,2025-09-01,105,0.59
IntQuant,noita_entangled_worlds,2025-09-01,2648,4.84
doy,rbw,2025-09-01,626,0.24
cBournhonesque,lightyear,2025-09-01,1847,2.04
StarlightSearch,EmbedAnything,2025-09-01,790,1.47
getsentry,sentry-rust,2025-09-01,1158,0.43
serokell,deploy-rs,2025-09-01,341,0.2
Relm4,Relm4,2025-09-01,1749,1.08
tokio-rs,toasty,2025-09-01,95,0.38
tramhao,termusic,2025-09-01,3598,2.41
avhz,RustQuant,2025-09-01,1031,0.98
nacos-group,r-nacos,2025-09-01,959,0.49
PyO3,rust-numpy,2025-09-01,1093,0.35
rust-lang,docs.rs,2025-09-01,3620,1.07
teloxide,teloxide,2025-09-01,5321,2.54
mstange,samply,2025-09-01,2441,1.05
tinysearch,tinysearch,2025-09-01,392,0.15
xd009642,tarpaulin,2025-09-01,2409,0.89
GuillaumeGomez,sysinfo,2025-09-01,2767,0.76
rbatis,rbatis,2025-09-01,6118,2.66
elfshaker,elfshaker,2025-09-01,272,0.19
alacritty,alacritty,2025-09-01,2451,0.65
cross-rs,cross,2025-09-01,1924,0.62
svenstaro,miniserve,2025-09-01,2407,1.01
tokio-rs,mio,2025-09-01,1507,0.44
evcxr,evcxr,2025-09-01,801,0.3
EricLBuehler,mistral.rs,2025-09-01,2999,5.29
aome510,spotify-player,2025-09-01,657,0.37
mtkennerly,ludusavi,2025-09-01,1074,0.58
rust-embedded,cortex-m,2025-08-31,1603,0.48
spring-rs,spring-rs,2025-08-31,643,1.31
rmqtt,rmqtt,2025-08-31,1696,0.84
kellnr,kellnr,2025-08-31,1383,2.21
lusingander,stu,2025-08-31,844,0.55
lune-org,lune,2025-08-31,1062,1.1
oppiliappan,statix,2025-08-31,250,0.1
chainbase-labs,manuscript-core,2025-08-31,237,0.83
matze,wastebin,2025-08-31,609,0.44
polkadot-evm,frontier,2025-08-31,1243,0.62
LukeMathWalker,pavex,2025-08-31,877,0.71
not-fl3,miniquad,2025-08-31,713,0.36
Rahix,avr-hal,2025-08-31,644,0.25
Lissy93,AdGuardian-Term,2025-08-31,203,0.1
vinc,moros,2025-08-31,760,0.35
capnproto,capnproto-rust,2025-08-31,3631,0.7
harlanc,xiu,2025-08-31,537,0.19
rwf2,Rocket,2025-08-31,2452,0.74
epi052,feroxbuster,2025-08-31,1821,0.91
rust-lang,rust-bindgen,2025-08-31,3791,0.88
pythops,bluetui,2025-08-30,87,0.15
tauri-apps,cargo-mobile2,2025-08-30,902,0.49
woelper,oculante,2025-08-30,2209,0.84
ikatson,rqbit,2025-08-30,1869,1.35
pythops,impala,2025-08-30,71,0.16
jamesmcm,vopono,2025-08-30,451,0.14
smparsons,retroboy,2025-08-30,560,0.76
leftwm,leftwm,2025-08-30,922,0.4
hannobraun,fornjot,2025-08-30,17683,11.95
marc2332,freya,2025-08-30,1709,1.27
huggingface,tokenizers,2025-08-30,1900,1.17
minirust,minirust,2025-08-29,817,0.81
coreylowman,cudarc,2025-08-29,526,0.6
maxcountryman,axum-login,2025-08-29,207,0.21
tarka,xcp,2025-08-29,763,0.27
trane-project,trane,2025-08-29,520,0.4
vorner,signal-hook,2025-08-29,323,0.08
DelSkayn,rquickjs,2025-08-29,1145,0.7
benruijl,symbolica,2025-08-29,605,0.77
spider-rs,spider,2025-08-29,1416,0.53
evilsocket,legba,2025-08-29,434,0.77
AppFlowy-IO,AppFlowy-Cloud,2025-08-29,2606,2.11
sunng87,handlebars-rust,2025-08-29,2068,0.47
linebender,piet,2025-08-29,727,0.37
lalrpop,lalrpop,2025-08-29,1624,0.48
rust-cli,config-rs,2025-08-29,1163,0.43
mthom,scryer-prolog,2025-08-29,4344,1.27
dani-garcia,vaultwarden,2025-08-29,2902,1.03
seanmonstar,reqwest,2025-08-29,1221,0.47
hyperium,tonic,2025-08-29,1315,0.71
solana-foundation,anchor,2025-08-29,1709,1.07
SpikeHD,Dorion,2025-08-28,1415,1.33
richox,orz,2025-08-28,217,0.09
ComunidadAylas,PackSquash,2025-08-28,2075,1.07
ramsayleung,rspotify,2025-08-28,1946,0.68
alexliesenfeld,httpmock,2025-08-28,766,0.38
bgreenwell,doxx,2025-08-28,75,6.75
zhaofengli,attic,2025-08-28,412,0.33
amtoaer,bili-sync,2025-08-28,301,0.61
linebender,tiny-skia,2025-08-28,308,0.12
AccessKit,accesskit,2025-08-28,568,0.33
godzie44,BugStalker,2025-08-28,487,0.38
rust-lang,rustc_codegen_gcc,2025-08-28,2132,1.52
killercup,cargo-edit,2025-08-28,1322,0.4
samizdatco,skia-canvas,2025-08-28,1558,0.89
theryangeary,choose,2025-08-28,135,0.07
zellij-org,zellij,2025-08-28,3067,1.95
warp-tech,warpgate,2025-08-28,904,0.85
chinedufn,swift-bridge,2025-08-27,399,0.31
servo,rust-cssparser,2025-08-27,1108,0.27
Valthrun,valthrun-cs2,2025-08-27,500,0.63
nix-community,comma,2025-08-27,197,0.11
containerd,runwasi,2025-08-27,1863,1.9
embedded-graphics,embedded-graphics,2025-08-27,595,0.22
numtide,system-manager,2025-08-27,667,0.93
bytecodealliance,wizer,2025-08-27,268,0.2
stacks-network,stacks-core,2025-08-27,28777,9.63
qdrant,qdrant,2025-08-27,4711,3.22
testcontainers,testcontainers-rs,2025-08-26,768,0.34
Lonami,grammers,2025-08-26,1120,0.5
davidcole1340,ext-php-rs,2025-08-26,698,0.48
arceos-org,arceos,2025-08-26,509,0.61
sunng87,pgwire,2025-08-26,726,0.58
nozwock,packet,2025-08-26,577,5.01
cloudflare,lol-html,2025-08-26,626,0.32
slog-rs,slog,2025-08-26,764,0.23
nabijaczleweli,cargo-update,2025-08-26,474,0.15
gfx-rs,wgpu-native,2025-08-26,793,0.36
mitsuhiko,minijinja,2025-08-26,1313,0.79
TabbyML,tabby,2025-08-26,3673,4.9
Sjj1024,PacBao,2025-08-26,1,1
erebe,wstunnel,2025-08-26,820,0.21
fschutt,printpdf,2025-08-25,715,0.27
cargo-lambda,cargo-lambda,2025-08-25,810,0.59
samuelvanderwaal,metaboss,2025-08-25,504,0.34
joamag,boytacean,2025-08-25,2147,1.57
novasamatech,parity-signer,2025-08-25,1788,0.75
hyperium,h2,2025-08-25,766,0.31
kivikakk,comrak,2025-08-25,1534,0.55
m4b,goblin,2025-08-25,864,0.24
zoni,obsidian-export,2025-08-25,303,0.14
tonbo-io,tonbo,2025-08-25,475,1.48
chase,awrit,2025-08-25,128,0.21
nix-community,nix-index,2025-08-25,321,0.1
not-fl3,macroquad,2025-08-25,729,0.39
rust-lang,regex,2025-08-25,1553,0.38
awslabs,aws-lambda-web-adapter,2025-08-25,481,0.34
BurntSushi,jiff,2025-08-25,433,0.67
dndx,phantun,2025-08-25,181,0.1
neondatabase,neon,2025-08-25,8464,7.07
lsd-rs,lsd,2025-08-25,1091,0.4
tonarino,innernet,2025-08-25,373,0.26
poem-web,poem,2025-08-25,1461,1.08
pepperoni21,ollama-rs,2025-08-24,529,0.76
rust-osdev,x86_64,2025-08-24,1450,0.38
larksuite,rsmpeg,2025-08-24,232,0.13
project-gauntlet,gauntlet,2025-08-24,985,0.88
ferrumc-rs,ferrumc,2025-08-24,1349,2.59
yshavit,mdq,2025-08-24,262,0.47
hyperledger-solang,solang,2025-08-24,2286,1.07
ordinals,ord,2025-08-24,1587,1.46
Rust-GPU,Rust-CUDA,2025-08-24,299,0.23
mitnk,cicada,2025-08-23,444,0.11
VOICEVOX,voicevox_core,2025-08-23,808,0.5
LibreQoE,LibreQoS,2025-08-23,3838,2.55
blitzar-tech,egui_graphs,2025-08-23,401,0.35
dtolnay,rust-quiz,2025-08-23,316,0.13
dtolnay,watt,2025-08-23,331,0.15
ReFirmLabs,binwalk,2025-08-23,1756,0.43
skim-rs,skim,2025-08-23,1303,0.34
toml-rs,toml,2025-08-22,2721,0.82
quietvoid,dovi_tool,2025-08-22,383,0.21
winnow-rs,winnow,2025-08-22,4651,1.29
AcalaNetwork,Acala,2025-08-22,1887,1.12
bext-lang,b,2025-08-22,1108,8.76
noib3,nvim-oxi,2025-08-22,827,0.57
trifectatechfoundation,teach-rs,2025-08-22,510,0.67
ajeetdsouza,zoxide,2025-08-22,562,0.26
memflow,memflow,2025-08-21,1418,0.61
koto-lang,koto,2025-08-21,2695,1.57
konradsz,igrep,2025-08-21,209,0.09
cloudwego,sonic-rs,2025-08-21,249,0.48
biliup,biliup-app,2025-08-21,71,0.02
pdeljanov,Symphonia,2025-08-21,603,0.2
gotham-rs,gotham,2025-08-21,1514,0.57
alexhallam,tv,2025-08-21,346,0.23
rust-lang,rustlings,2025-08-21,3245,0.97
pgcentralfoundation,pgrx,2025-08-21,2132,1.21
leudz,shipyard,2025-08-20,1183,0.5
crowdagger,crowbook,2025-08-20,1851,0.57
kanidm,webauthn-rs,2025-08-20,395,0.19
WithSecureLabs,chainsaw,2025-08-20,451,0.3
ash-rs,ash,2025-08-20,1206,0.34
rune-rs,rune,2025-08-20,1609,0.86
fujiapple852,trippy,2025-08-20,1986,1.62
janhohenheim,foxtrot,2025-08-19,1912,1.48
Skxxtz,sherlock,2025-08-19,1703,7.69
glium,glium,2025-08-19,3211,0.83
icedland,iced,2025-08-19,3377,1.37
lumina-ai-inc,chunkr,2025-08-19,5331,16.12
zhboner,realm,2025-08-19,467,0.14
FuelLabs,fuels-rs,2025-08-19,887,0.82
kunai-project,kunai,2025-08-18,615,1.06
indygreg,apple-platform-rs,2025-08-18,7157,2.02
Lokathor,tinyvec,2025-08-18,297,0.13
ThePrimeagen,htmx-lsp,2025-08-18,121,0.2
BurntSushi,rust-csv,2025-08-18,469,0.11
cangzhang,champ-r,2025-08-18,1089,0.5
Feel-ix-343,markdown-oxide,2025-08-18,665,0.8
str4d,rage,2025-08-18,1424,0.53
eycorsican,leaf,2025-08-18,465,0.28
denisidoro,navi,2025-08-18,1034,0.46
astral-sh,rye,2025-08-18,838,0.98
benfred,py-spy,2025-08-18,549,0.18
LucasPickering,slumber,2025-08-17,831,1.25
parasyte,pixels,2025-08-17,274,0.1
audulus,rui,2025-08-17,1814,1.37
databendlabs,openraft,2025-08-17,2276,1.12
nix-rust,nix,2025-08-17,3311,0.78
ducaale,xh,2025-08-17,1733,0.8
infinyon,fluvio,2025-08-17,2537,1.42
rochacbruno,marmite,2025-08-16,323,1.12
josueBarretogit,manga-tui,2025-08-16,440,1.03
hawkw,mycelium,2025-08-16,742,0.26
napi-rs,node-rs,2025-08-16,1072,0.68
PolyMeilex,Neothesia,2025-08-16,637,0.21
zkonduit,ezkl,2025-08-16,853,0.84
indradb,indradb,2025-08-16,962,0.28
svenstaro,genact,2025-08-16,1123,0.26
erikgrinaker,toydb,2025-08-16,918,0.31
amber-lang,amber,2025-08-16,554,0.53
hyperion-mc,hyperion,2025-08-15,718,1.35
hudikhq,hoodik,2025-08-15,179,0.2
rust-mobile,xbuild,2025-08-15,353,0.26
WGUNDERWOOD,tex-fmt,2025-08-15,676,1.26
zhaofengli,colmena,2025-08-15,628,0.35
fjall-rs,fjall,2025-08-15,1439,2.16
biliup,biliup-rs,2025-08-15,202,0.14
openai,harmony,2025-08-15,63,8.4
notify-rs,notify,2025-08-15,842,0.2
twistedfall,opencv-rust,2025-08-15,1629,0.47
XAMPPRocky,tokei,2025-08-15,1093,0.3
rust-sailfish,sailfish,2025-08-14,542,0.26
geofmureithi,apalis,2025-08-14,608,0.32
sirwart,ripsecrets,2025-08-14,100,0.07
mizchi,similarity,2025-08-14,252,5.3
fede1024,rust-rdkafka,2025-08-14,1047,0.32
sminez,penrose,2025-08-14,774,0.29
sharkdp,numbat,2025-08-14,2011,1.83
arloor,nftables-nat-rust,2025-08-13,140,0.08
availproject,avail,2025-08-13,836,0.84
atsamd-rs,atsamd,2025-08-13,897,0.3
Qiskit,rustworkx,2025-08-13,1074,0.56
dprint,dprint,2025-08-13,1182,0.37
quarylabs,quary,2025-08-13,433,1.04
bionic-gpt,bionic-gpt,2025-08-13,1575,2.55
ggez,ggez,2025-08-13,2796,0.82
ChuckHend,pg_vectorize,2025-08-12,306,0.46
cucumber-rs,cucumber,2025-08-12,560,0.25
pop-os,system76-power,2025-08-12,451,0.23
chaqchase,lla,2025-08-12,434,0.61
erg-lang,erg,2025-08-12,4268,3.66
ironcalc,IronCalc,2025-08-12,521,0.77
sbstp,kubie,2025-08-12,298,0.15
a16z,helios,2025-08-12,406,0.46
threathunters-io,laurel,2025-08-11,572,0.45
rksm,hot-lib-reloader-rs,2025-08-11,228,0.24
alexheretic,ab-av1,2025-08-11,293,0.23
stm32-rs,stm32f4xx-hal,2025-08-11,1597,0.58
mihai-dinculescu,tapo,2025-08-11,296,0.2
stacked-git,stgit,2025-08-11,3565,0.51
gabm,Satty,2025-08-11,409,0.64
pulldown-cmark,pulldown-cmark,2025-08-11,1721,0.47
parcel-bundler,lightningcss,2025-08-11,931,0.56
GlareDB,glaredb,2025-08-10,820,1.52
Ogeon,palette,2025-08-10,765,0.13
dbalsom,martypc,2025-08-10,1477,1.09
JohnnyMorganz,StyLua,2025-08-10,825,0.43
risinglightdb,risinglight,2025-08-10,563,0.41
google,tarpc,2025-08-10,964,0.31
frectonz,sql-studio,2025-08-10,355,0.87
lettre,lettre,2025-08-10,1363,0.27
orhun,git-cliff,2025-08-10,1407,0.84
cortex,ripasso,2025-08-09,895,0.24
Tencent,tquic,2025-08-09,371,0.75
LaurentMazare,tch-rs,2025-08-09,931,0.34
jhspetersson,fselect,2025-08-09,969,0.36
saschagrunert,indextree,2025-08-08,194,0.07
elastic,elasticsearch-rs,2025-08-08,346,0.21
rust-pcap,pcap,2025-08-08,366,0.08
kdheepak,taskwarrior-tui,2025-08-08,1455,0.85
sigoden,argc,2025-08-07,609,0.48
esp-rs,espflash,2025-08-07,787,0.54
gitext-rs,git-stack,2025-08-07,1162,1.03
rust-cli,human-panic,2025-08-07,422,0.2
cobalt-org,cobalt.rs,2025-08-07,2115,0.61
nicoburns,blessed-rs,2025-08-07,296,0.29
mozilla,grcov,2025-08-07,1188,0.48
google,OpenSK,2025-08-07,1323,0.9
Marekkon5,onetagger,2025-08-06,693,0.4
rust-lang,chalk,2025-08-06,3256,0.95
eyre-rs,eyre,2025-08-06,630,0.29
getditto,safer_ffi,2025-08-06,530,0.36
xou816,spot,2025-08-06,900,0.45
uber,piranha,2025-08-06,513,0.28
gyscos,cursive,2025-08-06,1759,0.53
yeslogic,allsorts,2025-08-05,976,0.63
project-akri,akri,2025-08-05,663,0.51
KonghaYao,cn-font-split,2025-08-04,366,1.32
raphamorim,gameboy,2025-08-04,228,0.22
vladbat00,bevy_egui,2025-08-04,438,0.17
drager,wasm-pack,2025-08-04,1340,0.54
typstyle-rs,typstyle,2025-08-03,517,0.69
TheWaWaR,simple-http-server,2025-08-03,233,0.09
cunarist,rinf,2025-08-03,2710,2.07
dandavison,delta,2025-08-03,2153,0.96
djkoloski,rust_serialization_benchmark,2025-08-02,221,0.14
JamieMason,syncpack,2025-08-02,611,0.15
framesurge,perseus,2025-08-02,1071,0.63
rust-lang,book,2025-08-02,6166,2.04
Byron,dua-cli,2025-08-02,1044,0.43
tweedegolf,mailcrab,2025-08-01,126,0.17
printfn,fend,2025-08-01,2018,1.15
weiznich,diesel_async,2025-08-01,356,0.34
jrmoulton,tmux-sessionizer,2025-08-01,166,0.13
y-crdt,y-crdt,2025-08-01,1276,0.89
headwaymaps,headway,2025-08-01,1076,1.15
bheisler,criterion.rs,2025-08-01,1527,0.28
madsim-rs,madsim,2025-07-31,338,0.27
jeremyletang,rust-sfml,2025-07-31,1925,0.43
kylebarron,parquet-wasm,2025-07-31,363,0.32
containers,krunvm,2025-07-31,81,0.07
bootandy,dust,2025-07-31,562,0.2
dimforge,nalgebra,2025-07-31,2802,0.56
exein-io,pulsar,2025-07-30,674,0.81
tazz4843,whisper-rs,2025-07-30,474,0.49
ImageOptim,libimagequant,2025-07-30,1341,0.23
AlexEne,twiggy,2025-07-30,647,0.3
WilliamVenner,gmpublisher,2025-07-30,499,0.31
rust-lang-nursery,rust-cookbook,2025-07-30,678,0.21
yuankunzhang,charming,2025-07-30,464,0.6
lanyeeee,jmcomic-downloader,2025-07-29,236,0.72
kuasar-io,kuasar,2025-07-29,344,0.5
skytable,skytable,2025-07-29,1765,1.01
tuna-f1sh,cyme,2025-07-28,610,0.72
arkworks-rs,snark,2025-07-28,514,0.24
SorellaLabs,brontes,2025-07-28,5097,7.59
unicode-rs,unicode-segmentation,2025-07-28,230,0.07
TeamFlos,phira,2025-07-28,863,0.97
Smithay,wayland-rs,2025-07-28,1452,0.45
Lagrange-Labs,deep-prove,2025-07-28,950,2.19
massalabs,massa,2025-07-28,7349,6.67
extism,extism,2025-07-28,684,0.85
sandydoo,flux,2025-07-27,637,0.42
stateright,stateright,2025-07-27,460,0.09
ouch-org,ouch,2025-07-27,1401,0.92
alexheretic,glyph-brush,2025-07-26,467,0.18
rust-db,refinery,2025-07-26,268,0.1
BurntSushi,ripgrep,2025-07-26,2060,0.54
rnd-ash,OpenVehicleDiag,2025-07-25,274,0.17
GoXLR-on-Linux,goxlr-utility,2025-07-25,2251,1.87
thepowersgang,rust_os,2025-07-25,1930,0.31
cloud-hypervisor,rust-hypervisor-firmware,2025-07-25,674,0.38
crev-dev,cargo-crev,2025-07-25,1464,0.55
neon-bindings,neon,2025-07-25,1995,0.61
RReverser,serde-wasm-bindgen,2025-07-24,195,0.1
jmacdonald,amp,2025-07-24,1265,0.28
microsandbox,microsandbox,2025-07-24,242,0.97
jsr-io,jsr,2025-07-24,443,1.15
tuono-labs,tuono,2025-07-23,797,1.58
Kampfkarren,selene,2025-07-23,498,0.24
comit-network,xmr-btc-swap,2025-07-22,2897,2.19
grovesNL,glyphon,2025-07-22,155,0.18
Fredolx,open-tv,2025-07-22,638,0.52
jaemk,cached,2025-07-22,541,0.19
balena-os,wifi-connect,2025-07-22,635,0.24
rossmacarthur,sheldon,2025-07-22,335,0.14
tbillington,kondo,2025-07-22,260,0.12
dmadisetti,steam-tui,2025-07-21,43,0.03
hlorenzi,customasm,2025-07-20,320,0.08
Schniz,fnm,2025-07-20,727,0.31
facebook,winterfell,2025-07-19,687,0.5
jfecher,ante,2025-07-19,429,0.19
microsoft,demikernel,2025-07-18,4976,2.41
Dushistov,flapigen-rs,2025-07-17,1402,0.47
eunomia-bpf,eunomia-bpf,2025-07-17,632,0.6
imhuso,cunzhi,2025-07-17,256,4.85
ad-si,Rust-Flashcards,2025-07-17,31,0.08
ofek,pyapp,2025-07-17,181,0.2
denoland,dnt,2025-07-17,306,0.27
agersant,polaris,2025-07-17,1233,0.32
yuezk,GlobalProtect-openconnect,2025-07-16,409,0.17
kafka-rust,kafka-rust,2025-07-16,604,0.16
Mic92,cntr,2025-07-15,791,0.31
smallcloudai,refact,2025-07-15,6969,10.69
zerotier,zeronsd,2025-07-14,495,0.36
cocogitto,cocogitto,2025-07-13,559,0.34
ImageOptim,gifski,2025-07-13,506,0.15
argmin-rs,argmin,2025-07-12,1316,0.44
Rust-SDL2,rust-sdl2,2025-07-12,2798,0.7
rustdesk,rustdesk-server,2025-07-12,413,0.24
emilk,eframe_template,2025-07-11,133,0.09
omerbenamram,evtx,2025-07-11,635,0.22
bytestring-net,bevy_lunex,2025-07-11,572,0.68
fossable,goldboot,2025-07-11,265,0.15
rust-bio,rust-bio,2025-07-11,1222,0.38
honeycombio,gritql,2025-07-11,361,0.82
sigoden,window-switcher,2025-07-10,206,0.17
mitsuhiko,self-replace,2025-07-10,61,0.06
l1npengtul,nokhwa,2025-07-10,470,0.3
servo,pathfinder,2025-07-10,1750,0.66
Vrtgs,thirtyfour,2025-07-09,537,0.19
rust-ml,linfa,2025-07-09,347,0.14
pemistahl,lingua-rs,2025-07-08,500,0.33
rust-embedded,discovery,2025-07-08,844,0.27
cognitive-engineering-lab,aquascope,2025-07-08,290,0.33
Morganamilo,paru,2025-07-08,1238,0.73
ErikReider,SwayOSD,2025-07-07,84,0.08
tikv,raft-engine,2025-07-07,275,0.19
microsoft,sudo,2025-07-07,26,0.07
EmbarkStudios,kajiya,2025-07-07,579,0.31
stepchowfun,toast,2025-07-06,1000,0.43
David-OConnor,pyflow,2025-07-06,371,0.17
reacherhq,check-if-email-exists,2025-07-06,1402,0.58
jonhoo,inferno,2025-07-05,731,0.25
imazen,imageflow,2025-07-05,2746,0.76
kaii-lb,overskride,2025-07-04,120,0.19
cswinter,LocustDB,2025-07-04,574,0.16
tamasfe,taplo,2025-07-03,1011,0.55
fishfolk,jumpy,2025-07-03,1186,0.89
sycamore-rs,sycamore,2025-07-03,642,0.37
NiklasEi,bevy_game_template,2025-07-02,358,0.2
timescale,pgvectorscale,2025-07-02,194,0.37
rtic-rs,rtic,2025-07-02,1934,0.7
rust-cli,book,2025-07-01,614,0.24
0xPolygonZero,plonky2,2025-07-01,4962,3.94
postgresml,postgresml,2025-07-01,1814,1.92
phiresky,sqlite-zstd,2025-06-30,111,0.04
samtay,so,2025-06-30,207,0.11
elringus,sprite-dicing,2025-06-30,214,0.08
bevy-cheatbook,bevy-cheatbook,2025-06-30,501,0.35
elkowar,eww,2025-06-30,715,0.31
HFQR,xitca-web,2025-06-28,1428,0.94
roapi,roapi,2025-06-28,306,0.16
silvia-odwyer,photon,2025-06-28,530,0.22
spyglass-search,spyglass,2025-06-27,803,0.74
datenlord,datenlord,2025-06-26,505,0.29
r9os,r9,2025-06-26,158,0.16
bvaisvil,zenith,2025-06-26,527,0.26
appsinacup,godot-rapier-physics,2025-06-25,217,0.38
casey,intermodal,2025-06-24,286,0.18
Narsil,rdev,2025-06-23,192,0.12
jamsocket,plane,2025-06-23,331,0.81
rust-mobile,ndk,2025-06-23,365,0.17
glzr-io,glazewm,2025-06-23,1787,0.89
rustfinity,rustfinity,2025-06-22,127,0.29
Wulf,create-rust-app,2025-06-22,239,0.09
cantino,mcfly,2025-06-22,721,0.25
lgarron,folderify,2025-06-21,416,0.09
rust-lang,rustfmt,2025-06-21,5929,1.65
nannou-org,nannou,2025-06-21,1704,0.57
tkaitchuck,aHash,2025-06-20,462,0.18
maximbaz,wluma,2025-06-19,245,0.14
GREsau,okapi,2025-06-19,216,0.08
brettcannon,python-launcher,2025-06-19,749,0.27
scottlamb,moonfire-nvr,2025-06-19,1041,0.33
paperclip-rs,paperclip,2025-06-18,523,0.25
hydro-project,rust-sitter,2025-06-18,106,0.1
glzr-io,zebar,2025-06-18,487,0.63
lovasoa,dezoomify-rs,2025-06-17,612,0.28
tomaka,rouille,2025-06-17,508,0.15
versotile-org,verso,2025-06-17,338,0.85
nikolassv,bartib,2025-06-16,207,0.17
rust-lang,backtrace-rs,2025-06-16,1107,0.36
Martichou,rquickshare,2025-06-16,290,0.6
pkgxdev,pkgx,2025-06-16,1179,1.02
harnesslabs,arbiter,2025-06-15,2506,3.34
brandur,redis-cell,2025-06-15,150,0.05
Y2Z,monolith,2025-06-15,672,0.21
asny,three-d,2025-06-14,4443,1.98
lloydmeta,frunk,2025-06-14,315,0.1
veeso,termscp,2025-06-13,1290,0.61
ejmahler,RustFFT,2025-06-12,455,0.11
mozilla,cargo-vet,2025-06-12,823,0.92
occlum,occlum,2025-06-12,1517,0.7
feschber,lan-mouse,2025-06-12,433,0.49
FractalFir,rustc_codegen_clr,2025-06-11,917,1.31
BurntSushi,memchr,2025-06-11,257,0.07
neon-mmd,websurfx,2025-06-10,1185,1.49
getmetal,motorhead,2025-06-10,232,0.33
messense,aliyundrive-webdav,2025-06-10,850,0.6
harfbuzz,rustybuzz,2025-06-09,901,0.47
zurawiki,gptcommit,2025-06-09,317,0.41
ekzhang,bore,2025-06-09,67,0.07
travisbrown,memory.lol,2025-06-08,135,0.15
MitMaro,git-interactive-rebase-tool,2025-06-08,1164,0.38
tomusdrw,rust-web3,2025-06-08,416,0.17
naim94a,lumen,2025-06-08,88,0.05
1595901624,gpt-aggregated-edition,2025-06-07,164,0.21
wadackel,vim-dogrun,2025-06-07,90,0.04
aurae-runtime,aurae,2025-06-06,1189,1.09
eraserhd,parinfer-rust,2025-06-05,674,0.27
huggingface,llm-ls,2025-06-04,63,0.11
astonbitecode,j4rs,2025-06-04,460,0.24
tikv,grpc-rs,2025-06-04,364,0.15
qmonnet,rbpf,2025-06-04,311,0.11
gauge-sh,tach,2025-06-04,2304,5.91
vladkens,macmon,2025-06-03,65,0.17
lambda-fairy,maud,2025-06-03,679,0.13
Uriopass,Egregoria,2025-06-02,2224,1
Equim-chan,Mortal,2025-06-02,200,0.2
liuchengxu,vim-clap,2025-05-31,819,0.37
KiwiTalk,KiwiTalk,2025-05-30,3834,2.3
Auburn,FastNoiseLite,2025-05-30,296,0.09
kcl-lang,kcl,2025-05-30,1196,1.37
tummychow,git-absorb,2025-05-30,365,0.12
ifd3f,caligula,2025-05-29,350,0.43
denoland,fastwebsockets,2025-05-28,128,0.17
sozu-proxy,sozu,2025-05-28,3556,1.33
emoon,rust_minifb,2025-05-27,423,0.11
justjavac,dvm,2025-05-26,293,0.16
rust-pretty-assertions,rust-pretty-assertions,2025-05-26,190,0.06
guillaume-be,rust-bert,2025-05-26,1120,0.46
systemd,zram-generator,2025-05-25,286,0.13
jplatte,turbo.fish,2025-05-25,106,0.05
async-graphql,async-graphql,2025-05-24,3013,1.63
serenity-rs,poise,2025-05-23,690,0.43
projectfluent,fluent-rs,2025-05-23,719,0.27
nadavrot,layout,2025-05-22,42,0.03
alphaville,optimization-engine,2025-05-22,1517,0.69
michaelb,sniprun,2025-05-22,1330,0.7
valence-rs,valence,2025-05-22,620,0.53
fuzzland,ityfuzz,2025-05-21,1174,1.51
kamiyaa,joshuto,2025-05-20,1424,0.53
stepancheg,rust-protobuf,2025-05-20,3242,0.59
cloudflare,boringtun,2025-05-20,176,0.1
oreboot,oreboot,2025-05-19,29144,4.27
Xudong-Huang,may_minihttp,2025-05-16,171,0.07
pop-os,popsicle,2025-05-16,327,0.15
spacejam,sled,2025-05-16,4531,1.27
cbiffle,lilos,2025-05-15,326,0.15
lnx-search,lnx,2025-05-15,669,0.46
PoloDB,PoloDB,2025-05-15,776,0.48
fables-tales,rubyfmt,2025-05-15,1104,0.45
tokio-rs,console,2025-05-14,443,0.4
phiresky,ripgrep-all,2025-05-11,448,0.21
mtshiba,pylyzer,2025-05-10,384,0.42
tailcallhq,tailcall,2025-05-07,3060,3.63
aws-cloudformation,cloudformation-guard,2025-05-07,611,0.46
StarArawn,bevy_ecs_tilemap,2025-05-07,1045,0.65
sarsko,CreuSAT,2025-05-06,573,0.45
mun-lang,mun,2025-05-06,900,0.36
cometbft,tendermint-rs,2025-05-05,843,0.44
wormtql,genshin_artifact,2025-05-05,779,0.49
BurntSushi,quickcheck,2025-05-05,633,0.15
waycrate,swhkd,2025-05-04,638,0.48
SoptikHa2,desed,2025-05-04,169,0.12
nix-community,nix-init,2025-05-04,1074,1.59
facundoolano,rpg-cli,2025-05-03,303,0.16
not-an-aardvark,lucky-commit,2025-05-02,195,0.06
sunfishcode,eyra,2025-04-30,84,0.18
sarah-quinones,faer-rs,2025-04-29,740,0.63
cnosdb,cnosdb,2025-04-28,1650,2.04
wasmerio,wasmer-js,2025-04-28,528,0.59
apache,horaedb,2025-04-27,1281,1.59
WINSDK,bite,2025-04-26,609,0.46
dphilla,boxer,2025-04-25,92,0.08
rcore-os,rCore-Tutorial-v3,2025-04-25,460,0.27
gfx-rs,metal-rs,2025-04-24,436,0.14
onagre-launcher,onagre,2025-04-24,221,0.13
rcoh,angle-grinder,2025-04-24,402,0.14
maelstrom-software,maelstrom,2025-04-23,4068,6.99
orhun,kmon,2025-04-22,1683,0.86
deviceplug,btleplug,2025-04-21,735,0.26
bytecodealliance,cap-std,2025-04-21,1424,1.07
nativeshell,nativeshell,2025-04-21,380,0.26
DataDog,glommio,2025-04-21,1093,0.79
rust-lang,libm,2025-04-20,816,0.33
17cupsofcoffee,tetra,2025-04-19,1038,0.36
scroll-tech,scroll-prover,2025-04-18,195,0.23
chmln,sd,2025-04-18,322,0.13
nical,lyon,2025-04-17,1607,0.35
tikv,rust-prometheus,2025-04-16,304,0.12
orhun,binsider,2025-04-16,267,0.36
pls-rs,pls,2025-04-15,373,0.57
mistricky,codesnap.nvim,2025-04-15,276,0.64
kyutai-labs,hibiki,2025-04-15,33,0.59
holmgr,cargo-sweep,2025-04-14,177,0.08
wez,govee2mqtt,2025-04-13,472,0.94
Cubxity,typstudio,2025-04-11,84,0.11
mre,idiomatic-rust,2025-04-11,159,0.06
bodo-run,yek,2025-04-10,543,4.17
arlyon,async-stripe,2025-04-08,1428,0.57
Plume-org,Plume,2025-04-08,2349,0.79
crossbeam-rs,crossbeam,2025-04-08,2275,0.6
Start9Labs,start-os,2025-04-07,2178,1.1
Andy-Python-Programmer,aero,2025-04-07,1390,0.92
kkoomen,vim-doge,2025-04-06,1937,0.85
ms-jpq,sad,2025-04-04,2086,1.15
0xlane,wechat-dump-rs,2025-04-04,94,0.21
Toqozz,wired-notify,2025-03-30,373,0.16
Isona,dirble,2025-03-30,297,0.17
autopilot-rs,autopy,2025-03-29,129,0.06
sassman,t-rec-rs,2025-03-29,237,0.13
lunatic-solutions,lunatic,2025-03-29,554,0.42
zdz,ServerStatus-Rust,2025-03-27,348,0.27
nix-community,lorri,2025-03-26,1144,0.53
kaplanelad,shellfirm,2025-03-25,310,0.25
marhkb,pods,2025-03-25,2853,2.36
khonsulabs,cushy,2025-03-25,686,1.33
Borber,Tran,2025-03-24,395,0.93
misprit7,computerraria,2025-03-24,343,0.4
StractOrg,stract,2025-03-24,1309,1.52
wilsonzlin,minify-html,2025-03-22,1151,0.43
HEnquist,camilladsp,2025-03-20,1407,0.68
tomaka,redshirt,2025-03-20,950,0.38
blacknon,hwatch,2025-03-19,699,0.25
Keats,tera,2025-03-18,1022,0.31
volta-cli,volta,2025-03-18,3164,1.48
YukiCoco,ToMoon,2025-03-17,160,0.17
rien,reStream,2025-03-14,152,0.11
ryangjchandler,pxp,2025-03-13,604,1.42
curlpipe,ox,2025-03-13,945,0.59
Brendonovich,prisma-client-rust,2025-03-12,615,0.46
greyblake,whatlang-rs,2025-03-12,571,0.14
kdash-rs,kdash,2025-03-12,806,0.66
unlimitedbacon,stl-thumb,2025-03-11,238,0.07
solana-labs,solana-program-library,2025-03-10,5995,4.57
chvancooten,NimPlant,2025-03-09,133,0.14
codestoryai,sidecar,2025-03-09,4983,11.3
x2bool,xlite,2025-03-09,41,0
mimblewimble,grin,2025-03-08,2540,1.01
zaghaghi,openapi-tui,2025-03-07,158,0.35
Joystream,joystream,2025-03-07,23398,12.05
Builditluc,wiki-tui,2025-03-05,951,0.62
toeverything,OctoBase,2025-03-05,1076,1.5
google,autocxx,2025-03-05,3111,2.1
pimalaya,himalaya,2025-03-05,934,0.59
sagiegurari,cargo-make,2025-03-03,2574,0.92
lapce,lapdev,2025-03-02,64,0.19
mtkennerly,shawl,2025-02-28,105,0.05
postgresml,pgcat,2025-02-27,584,0.61
osohq,oso,2025-02-26,1215,0.93
tensorchord,pgvecto.rs,2025-02-26,316,0.59
ParkMyCar,compact_str,2025-02-25,716,0.46
PhilipK,BoilR,2025-02-24,454,0.32
scsibug,nostr-rs-relay,2025-02-23,569,0.39
coastalwhite,lemurs,2025-02-22,219,0.19
asciinema,agg,2025-02-22,216,0.18
Equim-chan,mjai-reviewer,2025-02-22,393,0.2
danielpclark,rutie,2025-02-18,599,0.28
rust-console,gba,2025-02-17,864,0.42
libreddit,libreddit,2025-02-15,958,0.57
nascentxyz,pyrometer,2025-02-14,112,0.17
geph-official,geph4-client,2025-02-13,1084,0.72
dotcypress,ula,2025-02-10,25,0.04
abba23,spotify-adblock,2025-02-10,34,0.02
gabotechs,MusicGPT,2025-02-09,313,0.94
igor-petruk,scriptisto,2025-02-08,339,0.15
jblindsay,whitebox-tools,2025-02-07,838,0.32
dusk-network,plonk,2025-02-06,868,0.57
zee-editor,zee,2025-02-06,163,0.04
kaleidawave,ezno,2025-02-06,204,0.31
mitsuhiko,similar,2025-02-05,193,0.07
imgui-rs,imgui-rs,2025-02-05,1759,0.5
kneasle,sapling,2025-02-04,427,0.31
allan2,dotenvy,2025-02-04,392,0.12
adnanademovic,rosrust,2025-02-03,708,0.23
ekzhang,rustpad,2025-02-02,88,0.08
postgresml,korvus,2025-01-31,51,0.32
kpcyrd,sn0int,2025-01-31,893,0.35
Speykious,cve-rs,2025-01-28,101,0.34
tremor-rs,tremor-runtime,2025-01-27,4545,3.49
ivanceras,sauron,2025-01-27,2287,1.07
kpcyrd,sniffglue,2025-01-24,366,0.12
chaosprint,glicol,2025-01-23,669,0.41
libpnet,libpnet,2025-01-23,1123,0.29
lvgl,lv_binding_rust,2025-01-22,285,0.14
mitsuhiko,systemfd,2025-01-22,74,0.02
microsoft,aici,2025-01-22,1617,4.01
solana-labs,solana,2025-01-22,24987,12.34
egoist,dum,2025-01-19,101,0.04
woboq,qmetaobject-rs,2025-01-18,623,0.28
MatthiasGrandl,Loungy,2025-01-16,322,1.01
wfxr,csview,2025-01-14,279,0.21
tensorflow,rust,2025-01-12,898,0.25
seed-rs,seed,2025-01-11,1111,0.51
swsnr,mdcat,2025-01-10,1187,0.38
matanolabs,matano,2025-01-08,576,0.58
paradigmxyz,cryo,2025-01-08,443,0.81
ThousandBirdsInc,chidori,2025-01-08,180,0.4
blahgeek,emacs-lsp-booster,2025-01-07,58,0.12
AmbientRun,Ambient,2025-01-07,4756,8.34
SilasMarvin,lsp-ai,2025-01-07,219,0.53
valeriansaliou,bloom,2025-01-06,516,0.2
valeriansaliou,vigil,2025-01-06,575,0.26
valeriansaliou,sonic,2025-01-06,730,0.36
levkk,rwf,2025-01-02,554,3.57
BurntSushi,walkdir,2024-12-31,192,0.04
zeromq,zmq.rs,2024-12-30,427,0.22
wfxr,code-minimap,2024-12-28,199,0.15
naia-lib,naia,2024-12-27,1652,0.85
sachaos,viddy,2024-12-23,301,0.21
pomsky-lang,pomsky,2024-12-22,456,0.41
yobix-ai,extractous,2024-12-21,305,1.72
fkie-cad,cwe_checker,2024-12-17,546,0.34
willcrichton,flowistry,2024-12-17,618,0.53
servo,webrender,2024-12-16,11051,4.12
lanterndata,lantern,2024-12-12,872,1.83
MolotovCherry,virtual-display-rs,2024-12-11,781,1.78
orhun,menyoki,2024-12-08,1770,1
qarmin,szyszka,2024-12-07,77,0.04
gluon-lang,gluon,2024-12-06,3942,0.86
Sequal32,yourcontrols,2024-12-04,607,0.36
cozodb,cozo,2024-12-04,1813,1.91
BloopAI,bloop,2024-12-04,998,1.92
xline-kv,Xline,2024-12-03,1356,1.84
flaneur2020,pua-lang,2024-12-02,142,0.06
haimgel,display-switch,2024-12-01,222,0.13
maplibre,maplibre-rs,2024-11-29,895,0.8
prefix-dev,rip,2024-11-26,209,0.56
yoav-lavi,melody,2024-11-24,679,0.54
huggingface,ratchet,2024-11-23,1254,4.53
rust-lang-cn,book-cn,2024-11-22,1558,0.52
wintermute-cell,ngrrram,2024-11-22,19,0.14
mystor,rust-cpp,2024-11-20,259,0.07
apognu,tuigreet,2024-11-12,245,0.14
orogene,orogene,2024-11-11,638,0.35
nuta,kerla,2024-11-11,633,0.49
nvarner,typst-lsp,2024-11-05,456,0.86
containers,podlet,2024-11-05,299,0.53
pythonspeed,filprofiler,2024-11-04,1316,0.82
indygreg,PyOxidizer,2024-11-03,6749,2.16
str4d,age-plugin-yubikey,2024-11-02,265,0.11
szabodanika,microbin,2024-11-02,271,0.24
metaplex-foundation,metaplex-program-library,2024-11-01,831,0.98
ZacharyL2,KeyEcho,2024-10-31,91,0.7
sobelio,llm-chain,2024-10-31,400,0.77
fluencelabs,nox,2024-10-29,2131,1.08
japaric,cargo-call-stack,2024-10-28,192,0.1
borgo-lang,borgo,2024-10-27,168,0.26
vlcn-io,cr-sqlite,2024-10-25,2163,3.28
linebender,druid,2024-10-25,2493,1.04
huff-language,huff-rs,2024-10-20,899,1.09
hardik05,Damn_Vulnerable_C_Program,2024-10-19,118,0.08
ayrat555,fang,2024-10-18,144,0.1
envio-cli,envio,2024-10-16,170,0.36
hwittenborn,celeste,2024-10-14,131,0.22
infinyon,node-bindgen,2024-10-08,200,0.14
dwyl,book,2024-10-07,275,0.07
watchexec,cargo-watch,2024-10-02,479,0.13
josephg,diamond-types,2024-10-01,1265,1.01
shuttle-hq,synth,2024-09-27,350,0.32
visioncortex,vtracer,2024-09-27,129,0.05
pnpm,pacquet,2024-09-26,323,0.78
BurntSushi,fst,2024-09-25,271,0.07
ogham,exa,2024-09-24,1618,0.37
gakonst,ethers-rs,2024-09-23,2223,1.57
theseus-os,Theseus,2024-09-22,1263,0.6
ajour,ajour,2024-09-17,2281,1.56
nix-community,nurl,2024-09-16,701,1.46
sirupsen,napkin-math,2024-09-15,125,0.06
EmbarkStudios,rust-gpu,2024-09-11,1279,1.15
Lodestone-Team,lodestone,2024-09-09,2775,2.6
godot-rust,gdnative,2024-09-09,1413,0.48
darthdeus,comfy,2024-09-08,634,1.2
durch,rust-s3,2024-09-06,533,0.17
nik012003,ripdrag,2024-09-02,133,0.17
LukeMathWalker,zero-to-production,2024-09-01,244,0.12
anordal,shellharden,2024-09-01,305,0.07
RiotGames,developer-relations,2024-08-28,36,0.02
tcdi,plrust,2024-08-26,452,0.43
geopolars,geopolars,2024-08-22,144,0.13
crablang,crab,2024-08-19,230603,47.62
dgrunwald,rust-cpython,2024-08-14,602,0.14
pier-cli,pier,2024-08-07,149,0.09
io12,pwninit,2024-08-04,402,0.22
aclysma,rafx,2024-08-04,675,0.3
eyre-rs,color-eyre,2024-08-01,127,0.08
FuelLabs,sway-applications,2024-07-30,1386,2.1
guywaldman,magic-cli,2024-07-27,50,1.87
khonsulabs,bonsaidb,2024-07-25,1124,0.97
ranile,gloo,2024-07-21,384,0.21
clog-tool,clog-cli,2024-07-09,222,0.07
Lea-fish,Leafish,2024-07-07,310,0.29
privacy-scaling-explorations,zkevm-circuits,2024-07-05,864,1.06
solokeys,solo2,2024-07-04,397,0.24
greatest-ape,OctaSine,2024-07-03,2181,0.9
crunchy-labs,crunchy-cli,2024-07-01,821,0.8
Enter-tainer,cxx2flow,2024-06-27,125,0.1
rustformers,llm,2024-06-24,1093,2.12
Hyde46,hoard,2024-06-13,353,0.31
softprops,envy,2024-06-07,184,0.06
amethyst,specs,2024-06-07,1318,0.43
sophiajt,june,2024-06-03,279,0.83
dustinblackman,oatmeal,2024-06-01,257,1.22
tellerops,teller,2024-05-19,223,0.19
webonnx,wonnx,2024-05-18,721,0.55
pipeless-ai,pipeless,2024-05-08,664,2.52
rust-crdt,rust-crdt,2024-05-06,365,0.14
cnpryer,huak,2024-05-04,571,0.9
move-language,move,2024-05-04,11536,8.47
Qovery,Replibyte,2024-05-04,367,0.39
BVE-Reborn,rend3,2024-05-03,1091,0.88
thirtythreeforty,neolink,2024-05-01,473,0.33
sagebind,isahc,2024-04-30,592,0.25
subconsciousnetwork,noosphere,2024-04-22,606,1.27
antoyo,relm,2024-04-19,955,0.33
mCaptcha,mCaptcha,2024-04-17,692,0.62
tikv,agatedb,2024-04-16,93,0.07
getdozer,dozer,2024-04-16,1551,3.41
org-rs,org-rs,2024-04-15,46,0.03
Zokrates,ZoKrates,2024-04-15,4602,2.3
stepancheg,grpc-rust,2024-04-08,682,0.18
viperproject,prusti-dev,2024-03-26,7315,4.02
dswd,vpncloud,2024-03-21,742,0.29
orbitinghail,sqlsync,2024-03-11,200,0.78
bbodi,notecalc3,2024-03-07,166,0.11
Skallwar,suckit,2024-03-05,313,0.23
0x676e67,ninja,2024-03-04,1395,5.1
ehsanmok,create-your-own-lang-with-rust,2024-02-28,41,0.04
Samyak2,toipe,2024-02-27,141,0.13
feather-rs,feather,2024-02-20,1206,0.65
mufeedvh,binserve,2024-02-18,61,0.04
LeonHartley,Coerce-rs,2024-02-16,436,0.17
greymd,teip,2024-02-15,274,0.2
EmbarkStudios,physx-rs,2024-02-12,259,0.2
hubblo-org,scaphandre,2024-02-12,1110,1.18
sslab-gatech,Rudra,2024-02-12,286,0.2
jorgecarleitao,arrow2,2024-01-29,1431,1.29
ecumene,rust-sloth,2024-01-28,100,0.04
HerringtonDarkholme,vue-compiler,2024-01-27,1765,1.68
0b01,tectonicdb,2024-01-25,530,0.24
coreylowman,dfdx,2024-01-25,890,1.01
andreabergia,rjvm,2024-01-24,329,0.71
stellar,soroban-example-dapp,2024-01-24,170,0.46
ordinals-wallet,ordinals-collections,2024-01-21,8098,25.71
tfpk,macrokata,2024-01-19,111,0.14
weggli-rs,weggli,2024-01-16,67,0.11
rusty-celery,rusty-celery,2024-01-09,403,0.35
Spu7Nix,SPWN-language,2024-01-06,1130,0.75
cornucopia-rs,cornucopia,2024-01-03,683,1.22
Dusk-Labs,dim,2023-12-29,2008,1.15
rust-embedded,rust-raspberrypi-OS-tutorials,2023-12-14,758,0.3
Borber,seam,2023-11-30,526,1.74
srush,llama2.rs,2023-11-29,167,1.59
kindelia,Kindelia,2023-11-25,816,1.66
matter-labs,zksync,2023-11-08,12405,9.03
stacks-archive,sbtc-developer-release,2023-11-07,133,1.69
ferrous-systems,teaching-material,2023-10-30,816,0.81
gfx-rs,naga,2023-10-26,2212,1.37
hyperledger-indy,indy-sdk,2023-10-24,13408,7.44
naaive,orange,2023-10-15,361,0.46
ziesha-network,bazuka,2023-10-12,1484,2.29
toshi-search,Toshi,2023-10-12,456,0.21
kahing,catfs,2023-10-09,184,0.1
TimonPost,laminar,2023-10-07,473,0.2
paradigmxyz,artemis,2023-10-04,29,0.24
warpdotdev,workflows,2023-10-02,523,1.19
krustlet,krustlet,2023-10-02,1076,1.04
d0iasm,rvemu,2023-10-01,563,0.29
mycelial,mycelite,2023-09-25,80,0.37
rome,tools,2023-08-29,4309,3.84
paritytech,cumulus,2023-08-25,1733,1.34
paritytech,substrate,2023-08-25,8235,4.92
paritytech,polkadot,2023-08-25,4251,2.67
rcore-os,rCore,2023-08-24,1900,0.78
fcsonline,drill,2023-08-21,286,0.13
TimeToogo,tunshell,2023-08-15,394,0.3
mouseless0x,rusty-sando,2023-08-08,97,0.66
GetFirefly,firefly,2023-08-04,2503,1.78
cloudflare,wrangler-legacy,2023-08-03,2775,2.34
rust-lang,packed_simd,2023-07-30,482,0.31
zu1k,Good-MITM,2023-07-21,163,0.23
Atome-FE,llama-node,2023-07-10,219,2.14
zineland,zine,2023-07-04,384,0.73
cloudhead,rx,2023-07-02,763,0.44
jameslittle230,stork,2023-07-01,303,0.19
iotaledger,stronghold.rs,2023-06-29,1759,2.09
g-plane,zsh-yarn-autocompletions,2023-06-29,91,0.04
CSML-by-Clevy,csml-engine,2023-06-28,1642,1.38
diem,diem,2023-06-20,9840,8.85
andrewchambers,bupstash,2023-06-09,770,0.65
Luminarys,synapse,2023-06-01,894,0.39
mttaggart,OffensiveNotion,2023-05-21,548,0.94
tiny-http,tiny-http,2023-05-16,556,0.21
coord-e,magicpak,2023-05-11,311,0.21
wasmerio,wasmer-python,2023-05-01,1045,0.92
prisma,quaint,2023-04-25,896,0.8
tkellogg,dura,2023-04-24,141,0.3
rust-lang,rust-semverver,2023-04-17,1066,0.55
clojure-rs,ClojureRS,2023-04-16,255,0.19
mgdm,htmlq,2023-04-15,50,0.04
rust-rosetta,rust-rosetta,2023-04-14,2995,0.93
chiselstrike,chiselstrike,2023-04-10,2806,6.51
GRVYDEV,Project-Lightspeed,2023-04-03,93,0.12
simeg,eureka,2023-04-01,258,0.1
exonum,exonum,2023-03-22,5680,2.95
fcsonline,tmux-thumbs,2023-03-21,246,0.17
losfair,mvsqlite,2023-03-17,200,0.93
arrayfire,arrayfire-rust,2023-02-26,467,0.19
messense,aliyundrive-fuse,2023-02-18,94,0.26
MirrorX-Desktop,MirrorX,2023-02-18,981,2.97
ekzhang,percival,2023-02-16,116,0.21
nuta,nsh,2023-02-11,593,0.35
chyyuu,os_kernel_lab,2023-01-27,358,0.4
Barre,privaxy,2023-01-25,80,0.33
EmbarkStudios,texture-synthesis,2023-01-22,156,0.16
hadronized,luminance-rs,2023-01-21,1990,0.79
amethyst,bracket-lib,2023-01-10,1212,1.19
google,forma,2023-01-04,28,1.92
iceiix,stevenarella,2023-01-01,906,0.27
foniod,redbpf,2022-12-08,727,0.56
dwisiswant0,ppfuzz,2022-12-01,31,0.08
nix-community,rnix-lsp,2022-11-27,176,0.1
rcore-os,zCore,2022-11-22,1979,1.91
square,sudo_pair,2022-11-18,373,0.22
doyoubi,undermoon,2022-11-05,901,0.4
rs-ipfs,rust-ipfs,2022-10-22,1814,1.77
r-darwish,topgrade,2022-10-12,1074,0.71
mosuka,bayard,2022-10-11,247,0.27
buildfoundation,mainframer,2022-10-11,139,0.08
MaikKlein,unreal-rust,2022-10-02,131,0.31
agrinman,tunnelto,2022-09-24,119,0.11
twitter,rezolus,2022-09-06,297,0.37
sodiumoxide,sodiumoxide,2022-09-03,954,0.31
dpc,rdedup,2022-08-25,595,0.27
Svetlitski,fcp,2022-08-23,117,0.13
0xAlcibiades,mev-bundle-generator,2022-08-11,1,1
Zaplib,zaplib,2022-08-07,353,2.47
BrainiumLLC,cargo-mobile,2022-08-04,492,0.57
yujqiao,catproc,2022-07-27,22,3.27
losfair,blueboat,2022-07-26,493,0.88
dduan,tre,2022-07-13,190,0.1
joaoh82,rust_sqlite,2022-07-12,80,0.14
akeru-inc,xcnotary,2022-07-10,28,0.04
nullpo-head,wsl-distrod,2022-07-07,278,0.62
amethyst,rustrogueliketutorial,2022-06-17,754,0.86
deislabs,wagi,2022-06-15,307,0.67
euclio,vim-markdown-composer,2022-06-14,92,0.04
tailhook,vagga,2022-06-14,1909,0.73
BinChengZhao,delicate,2022-05-21,384,0.91
tensorbase,tensorbase,2022-05-10,439,1.07
Gekkio,mooneye-gb,2022-05-09,704,0.21
rusoto,rusoto,2022-04-25,3175,1.31
headcrab-rs,headcrab,2022-04-12,434,0.73
openethereum,openethereum,2022-04-05,12243,6.36
Doctave,doctave,2022-04-02,214,0.43
rslint,rslint,2022-03-28,423,0.6
bytecodealliance,lucet,2022-03-23,1503,1.78
launchbadge,realworld-axum-sqlx,2022-03-12,28,0.35
tyrchen,geektime-rust,2022-02-05,69,0.43
bminixhofer,nlprule,2022-02-04,368,0.69
bodil,typed-html,2022-01-27,132,0.11
anp,moxie,2022-01-26,1148,0.84
PistonDevelopers,conrod,2022-01-17,2336,0.87
oppiliappan,dijo,2022-01-15,195,0.26
adam-mcdaniel,oakc,2022-01-11,310,0.58
amethyst,amethyst,2021-12-06,6596,3.18
nullpo-head,WSL-Hello-sudo,2021-12-04,74,0.03
TaKO8Ki,frum,2021-11-28,193,0.72
zetzit,zz,2021-11-18,356,0.41
retep998,winapi-rs,2021-11-06,1053,0.42
austinjones,tab-rs,2021-10-26,242,0.49
zboxfs,zbox,2021-09-29,452,0.4
chmln,handlr,2021-08-28,132,0.18
TimUntersberger,nog,2021-08-05,751,1.75
gfx-rs,gfx,2021-08-03,6137,2.29
target,lorri,2021-06-11,688,1.15
twilco,kosmonaut,2021-06-04,283,0.37
gfx-rs,wgpu-rs,2021-06-03,906,1.3
pikelet-lang,pikelet,2021-05-16,1071,0.9
zhuowei,nft_ptr,2021-04-11,45,2.2
amethyst,rendy,2021-01-29,618,0.72
daa84,neovim-gtk,2021-01-02,726,0.35
allthemusicllc,atm-cli,2020-12-07,61,0.11
citybound,citybound,2020-11-20,1140,0.7
ryanisaacg,quicksilver,2020-10-17,778,0.7
oam-dev,rudr,2020-09-03,655,1.78
flutter-rs,flutter-rs,2020-08-13,477,0.88
samuela,rustybox,2020-05-31,417,1.84
turnage,valora,2020-04-27,296,0.25
murarth,ketos,2020-01-17,234,0.17
